State,Average_salary-full_professors,Average_salary-associate_professors,Average_salary-assistant_professors,Average_salary-all_ranks,Average_compensation-full_professors,Average_compensation-associate_professors,Average_compensation-assistant_professors,Average_compensation-all_ranks,Number_of_full_professors,Number_of_associate_professors,Number_of_assistant_professors,Number_of_instructors,Number_of_faculty-all_ranks,target
AK,454.0,382.0,362.0,382,567.0,485.0,471.0,487,6,11,9,4,32,IIB
AK,686.0,560.0,432.0,508,914.0,753.0,572.0,677,74,125,118,40,404,I
AK,533.0,494.0,329.0,415,716.0,663.0,442.0,559,9,26,20,9,70,IIA
AK,612.0,507.0,414.0,498,825.0,681.0,557.0,670,115,124,101,21,392,IIA
AL,442.0,369.0,310.0,350,530.0,444.0,376.0,423,59,77,102,24,262,IIA
AL,441.0,385.0,310.0,388,542.0,473.0,383.0,477,57,33,35,2,127,IIA
AL,466.0,394.0,351.0,396,558.0,476.0,427.0,478,20,18,30,0,68,IIB
AL,580.0,437.0,374.0,455,692.0,527.0,451.0,546,366,354,301,66,1109,I
AL,498.0,379.0,322.0,401,655.0,501.0,404.0,523,34,25,27,3,89,IIB
AL,506.0,412.0,359.0,411,607.0,508.0,445.0,503,67,40,66,27,200,IIB
AL,339.0,303.0,287.0,301,421.0,371.0,347.0,366,8,15,19,2,44,IIB
AL,461.0,389.0,338.0,386,585.0,496.0,436.0,493,106,42,66,58,272,IIA
AL,360.0,304.0,258.0,300,433.0,369.0,313.0,363,27,25,33,4,89,IIB
AL,354.0,321.0,277.0,291,436.0,401.0,346.0,363,17,19,31,19,86,IIB
AL,301.0,290.0,283.0,290,375.0,363.0,355.0,362,18,28,28,3,77,IIB
AL,565.0,425.0,363.0,449,710.0,556.0,476.0,578,83,46,77,9,215,IIA
AL,431.0,352.0,311.0,373,518.0,425.0,374.0,449,23,17,14,1,55,IIB
AL,321.0,288.0,251.0,272,388.0,354.0,312.0,335,13,18,18,10,59,IIB
AL,462.0,385.0,322.0,350,560.0,467.0,392.0,426,25,59,100,19,204,IIA
AL,410.0,352.0,306.0,327,487.0,415.0,362.0,387,57,65,85,45,254,IIA
AL,605.0,447.0,382.0,463,746.0,563.0,483.0,580,267,206,206,76,762,I
AL,633.0,445.0,366.0,461,786.0,569.0,475.0,587,106,163,107,19,406,I
AL,636.0,443.0,375.0,451,771.0,540.0,455.0,548,72,87,98,7,282,IIA
AL,542.0,426.0,370.0,418,645.0,514.0,450.0,504,119,103,142,64,434,IIA
AL,519.0,422.0,343.0,403,621.0,507.0,411.0,483,56,54,63,28,201,IIA
AR,453.0,363.0,330.0,349,561.0,448.0,402.0,428,23,24,48,22,117,IIB
AR,406.0,366.0,332.0,335,505.0,457.0,415.0,419,40,33,71,46,192,IIB
AR,499.0,,330.0,399,618.0,,402.0,488,14,5,21,2,42,IIB
AR,439.0,381.0,337.0,374,550.0,479.0,427.0,471,44,71,52,13,180,IIB
AR,520.0,433.0,342.0,398,646.0,541.0,431.0,498,103,87,141,63,394,IIA
AR,521.0,416.0,339.0,395,632.0,507.0,416.0,482,93,89,82,76,340,IIA
AR,309.0,280.0,274.0,285,428.0,383.0,376.0,391,14,9,15,2,40,IIB
AR,447.0,375.0,341.0,375,561.0,480.0,435.0,477,55,42,33,25,155,IIB
AR,485.0,399.0,362.0,421,664.0,534.0,453.0,562,24,26,14,1,65,IIB
AR,372.0,338.0,304.0,341,478.0,414.0,375.0,426,23,22,10,3,58,IIB
AR,536.0,416.0,372.0,415,651.0,506.0,450.0,504,128,117,72,63,398,IIA
AR,422.0,355.0,289.0,342,529.0,445.0,375.0,435,36,14,28,19,97,IIB
AR,,,264.0,266,,,327.0,331,4,4,12,4,24,IIB
AR,461.0,389.0,321.0,362,575.0,484.0,402.0,453,27,31,34,23,115,IIA
AR,563.0,436.0,379.0,452,686.0,531.0,461.0,550,314,198,225,54,806,I
AR,424.0,374.0,335.0,380,512.0,461.0,401.0,460,80,46,41,8,179,IIB
AZ,358.0,328.0,274.0,299,439.0,395.0,332.0,363,20,18,24,12,74,IIB
AZ,603.0,449.0,399.0,489,723.0,549.0,489.0,593,576,445,251,7,1383,I
AZ,511.0,422.0,359.0,412,619.0,518.0,446.0,507,173,192,175,33,608,I
AZ,648.0,462.0,411.0,537,771.0,561.0,498.0,645,647,377,272,2,1349,I
CA,430.0,375.0,318.0,368,573.0,494.0,428.0,488,43,62,32,12,156,IIA
CA,455.0,369.0,303.0,370,582.0,462.0,371.0,464,32,57,31,6,126,IIA
CA,970.0,733.0,576.0,866,1204.0,909.0,717.0,1075,173,40,44,0,257,I
CA,477.0,392.0,335.0,398,600.0,501.0,433.0,507,32,21,33,6,92,IIB
CA,605.0,493.0,387.0,544,760.0,637.0,506.0,690,393,120,105,5,623,IIA
CA,606.0,491.0,384.0,552,762.0,629.0,503.0,699,258,69,49,7,383,IIA
CA,600.0,474.0,401.0,542,751.0,610.0,521.0,685,491,171,112,6,780,IIA
CA,605.0,472.0,392.0,548,759.0,606.0,593.0,705,178,52,37,1,268,IIA
CA,607.0,496.0,394.0,571,763.0,635.0,514.0,721,507,102,60,1,670,IIA
CA,610.0,492.0,408.0,559,766.0,630.0,531.0,707,411,116,79,4,610,IIA
CA,604.0,482.0,395.0,558,758.0,631.0,518.0,707,413,86,73,2,574,IIA
CA,603.0,476.0,382.0,553,757.0,612.0,500.0,699,459,109,67,14,649,IIA
CA,593.0,468.0,387.0,543,746.0,603.0,507.0,688,213,38,50,0,301,IIA
CA,602.0,479.0,403.0,547,756.0,615.0,524.0,693,576,223,100,10,909,IIA
CA,598.0,486.0,404.0,528,750.0,623.0,526.0,669,431,222,158,8,819,IIA
CA,602.0,459.0,380.0,553,755.0,592.0,497.0,699,170,34,29,0,233,IIA
CA,578.0,470.0,420.0,491,763.0,627.0,573.0,656,38,37,36,0,111,IIA
CA,716.0,516.0,411.0,601,892.0,661.0,510.0,751,36,16,12,2,67,IIB
CA,771.0,579.0,454.0,638,961.0,739.0,588.0,805,34,14,20,0,68,IIB
CA,652.0,439.0,381.0,547,824.0,572.0,482.0,695,31,10,13,0,54,IIB
CA,730.0,525.0,417.0,566,909.0,658.0,530.0,708,60,52,40,7,161,IIB
CA,611.0,458.0,372.0,511,776.0,588.0,495.0,658,28,10,15,1,54,IIB
CA,524.0,421.0,374.0,448,630.0,503.0,443.0,535,25,16,15,3,59,IIB
CA,484.0,394.0,275.0,368,542.0,443.0,311.0,413,10,22,18,1,51,IIB
CA,482.0,392.0,326.0,401,602.0,478.0,396.0,494,41,28,41,0,110,IIA
CA,593.0,461.0,407.0,492,737.0,571.0,507.0,612,28,16,23,2,70,IIA
CA,624.0,469.0,388.0,490,806.0,593.0,482.0,621,49,42,33,15,139,IIB
CA,,,,361,,,,447,0,0,0,0,54,IIB
CA,362.0,333.0,315.0,336,441.0,398.0,376.0,403,40,17,41,4,102,IIB
CA,507.0,393.0,358.0,429,637.0,523.0,468.0,549,43,21,23,7,94,IIB
CA,715.0,561.0,511.0,637,930.0,737.0,645.0,829,130,72,22,7,231,IIA
CA,614.0,494.0,404.0,500,754.0,616.0,497.0,618,38,55,42,0,135,IIA
CA,952.0,658.0,519.0,824,1144.0,814.0,653.0,1000,533,139,145,0,834,I
CA,764.0,513.0,433.0,650,939.0,631.0,533.0,799,834,229,209,0,1346,I
CA,683.0,478.0,404.0,561,840.0,588.0,496.0,689,535,190,234,0,1072,I
CA,708.0,488.0,423.0,574,870.0,599.0,520.0,705,319,161,138,0,673,I
CA,741.0,497.0,421.0,609,910.0,611.0,517.0,748,817,267,298,0,1499,I
CA,670.0,461.0,390.0,514,824.0,567.0,479.0,632,183,80,140,0,441,I
CA,723.0,487.0,401.0,595,888.0,598.0,493.0,732,405,147,130,0,734,I
CA,624.0,449.0,380.0,520,767.0,552.0,467.0,639,154,83,74,0,314,I
CA,712.0,473.0,401.0,578,875.0,581.0,493.0,711,371,125,145,0,694,I
CA,677.0,464.0,391.0,537,832.0,570.0,481.0,660,186,93,92,0,413,I
CA,566.0,468.0,406.0,488,716.0,592.0,495.0,610,49,19,39,0,109,IIA
CA,617.0,486.0,405.0,514,811.0,644.0,538.0,680,129,59,80,19,287,IIA
CA,763.0,555.0,487.0,578,938.0,704.0,624.0,729,85,117,90,0,324,IIA
CA,802.0,574.0,484.0,641,1016.0,751.0,636.0,825,485,354,286,27,1165,I
CA,542.0,420.0,372.0,459,666.0,528.0,468.0,570,172,92,100,10,377,IIA
CA,489.0,408.0,339.0,415,616.0,524.0,429.0,526,30,19,22,3,74,IIB
CA,666.0,499.0,347.0,531,808.0,601.0,416.0,642,48,27,24,9,108,IIA
CA,,373.0,365.0,381,,472.0,454.0,478,5,11,6,0,22,IIA
CA,599.0,483.0,397.0,541,751.0,619.0,518.0,684,451,133,117,8,709,IIA
CA,597.0,482.0,377.0,499,752.0,619.0,495.0,637,95,48,50,13,206,IIA
CA,719.0,533.0,452.0,575,904.0,678.0,569.0,725,105,72,76,12,265,IIA
CA,722.0,558.0,414.0,589,911.0,724.0,543.0,754,130,90,83,3,310,IIA
CO,436.0,356.0,321.0,360,527.0,444.0,400.0,444,29,21,40,8,98,IIA
CO,613.0,488.0,398.0,525,776.0,621.0,509.0,665,63,38,26,1,134,IIB
CO,480.0,390.0,333.0,385,565.0,463.0,399.0,458,151,111,129,35,467,I
CO,598.0,447.0,403.0,517,714.0,534.0,481.0,617,483,255,188,0,926,I
CO,439.0,385.0,342.0,392,516.0,452.0,402.0,460,73,35,52,5,165,IIB
CO,429.0,353.0,297.0,340,508.0,427.0,363.0,410,49,31,37,7,145,IIB
CO,480.0,406.0,351.0,418,568.0,485.0,424.0,498,159,90,111,8,370,IIB
CO,489.0,434.0,349.0,424,626.0,531.0,428.0,527,16,26,12,2,56,IIB
CO,474.0,422.0,360.0,397,559.0,498.0,425.0,468,47,45,63,15,170,IIA
CO,652.0,494.0,421.0,528,797.0,615.0,519.0,649,457,301,227,93,1081,I
CO,623.0,479.0,430.0,509,756.0,588.0,525.0,620,142,106,101,6,378,I
CO,452.0,381.0,324.0,402,546.0,460.0,406.0,490,52,25,26,0,103,IIB
CO,522.0,422.0,385.0,451,642.0,524.0,480.0,558,62,56,40,3,161,IIA
CO,596.0,453.0,408.0,467,726.0,561.0,508.0,576,106,108,119,35,368,IIA
CO,,284.0,251.0,255,,356.0,318.0,323,3,8,13,8,32,IIB
CT,391.0,343.0,,340,444.0,400.0,,393,9,7,5,3,24,IIB
CT,666.0,534.0,397.0,518,856.0,700.0,536.0,680,118,119,137,16,390,IIA
CT,619.0,461.0,366.0,499,810.0,613.0,477.0,654,63,35,30,11,140,IIB
CT,658.0,516.0,477.0,575,883.0,711.0,652.0,778,90,36,50,2,178,IIA
CT,685.0,545.0,452.0,545,894.0,733.0,603.0,721,62,43,81,6,192,IIA
CT,524.0,450.0,401.0,471,656.0,576.0,513.0,596,72,44,30,1,152,IIA
CT,697.0,540.0,412.0,553,877.0,686.0,531.0,701,82,51,64,10,207,IIA
CT,546.0,444.0,374.0,435,686.0,566.0,478.0,553,19,55,30,7,111,IIB
CT,644.0,514.0,385.0,522,819.0,673.0,516.0,678,160,125,120,12,417,IIA
CT,548.0,451.0,360.0,430,654.0,544.0,432.0,517,8,34,22,1,65,IIA
CT,706.0,501.0,394.0,550,901.0,650.0,494.0,704,57,49,32,0,146,IIB
CT,505.0,437.0,360.0,434,644.0,551.0,463.0,553,32,29,26,1,90,IIA
CT,529.0,445.0,380.0,439,660.0,566.0,492.0,558,76,131,111,3,329,IIA
CT,734.0,504.0,423.0,597,936.0,641.0,539.0,761,128,57,66,0,254,IIA
CT,650.0,515.0,400.0,535,856.0,689.0,547.0,714,47,47,33,0,127,IIA
CT,928.0,522.0,444.0,708,1127.0,643.0,548.0,863,404,118,191,6,767,I
DC,746.0,520.0,417.0,555,897.0,641.0,505.0,673,165,119,125,37,446,I
DC,611.0,449.0,385.0,482,718.0,533.0,459.0,570,123,141,104,6,374,I
DC,623.0,480.0,399.0,482,814.0,638.0,534.0,637,86,67,70,35,261,IIA
DC,729.0,542.0,447.0,610,874.0,653.0,536.0,733,316,175,134,12,637,I
DC,857.0,552.0,427.0,618,1080.0,710.0,546.0,785,192,157,154,25,528,I
DC,656.0,483.0,403.0,481,780.0,591.0,494.0,587,241,282,189,111,891,I
DC,,360.0,288.0,330,,453.0,364.0,413,3,10,17,0,30,IIB
DC,457.0,362.0,293.0,350,536.0,435.0,349.0,415,12,12,21,2,47,IIB
DC,559.0,476.0,390.0,491,686.0,586.0,482.0,604,184,113,95,8,400,IIA
DE,545.0,435.0,359.0,379,716.0,583.0,491.0,515,29,47,61,34,183,IIA
DE,492.0,405.0,,417,613.0,511.0,,528,8,14,3,1,26,IIB
DE,723.0,531.0,422.0,556,922.0,693.0,554.0,721,341,319,217,65,953,I
DE,448.0,373.0,334.0,376,565.0,449.0,396.0,456,14,12,22,1,49,IIB
FL,488.0,420.0,350.0,394,598.0,508.0,424.0,477,39,77,84,15,215,IIA
FL,438.0,482.0,351.0,403,520.0,570.0,421.0,480,23,22,37,4,90,IIA
FL,457.0,369.0,310.0,365,556.0,452.0,383.0,446,70,130,84,7,299,IIA
FL,524.0,426.0,359.0,424,661.0,543.0,460.0,540,103,123,111,27,364,IIA
FL,580.0,426.0,394.0,461,750.0,559.0,517.0,601,183,147,159,30,528,IIA
FL,534.0,424.0,357.0,436,676.0,547.0,472.0,563,32,18,37,0,87,IIB
FL,440.0,369.0,331.0,369,552.0,473.0,409.0,463,30,18,44,4,96,IIB
FL,564.0,399.0,378.0,473,729.0,525.0,494.0,616,510,316,192,16,1038,I
FL,542.0,420.0,321.0,457,678.0,519.0,378.0,564,78,43,26,7,154,IIA
FL,622.0,437.0,370.0,477,794.0,561.0,467.0,605,61,52,65,2,185,IIA
FL,613.0,430.0,399.0,501,790.0,567.0,527.0,653,981,721,510,49,2261,I
FL,693.0,510.0,408.0,513,895.0,654.0,514.0,659,291,200,147,20,769,I
FL,571.0,418.0,369.0,455,735.0,547.0,483.0,591,387,319,239,45,1038,I
FL,495.0,425.0,371.0,416,593.0,513.0,438.0,497,36,37,46,4,127,IIB
FL,560.0,420.0,369.0,435,698.0,527.0,465.0,545,176,207,162,42,593,IIA
FL,489.0,391.0,350.0,390,636.0,505.0,458.0,507,59,65,75,22,221,IIA
FL,413.0,369.0,333.0,348,491.0,451.0,390.0,412,11,14,28,13,66,IIB
FL,558.0,423.0,395.0,433,719.0,553.0,509.0,562,182,261,220,76,767,IIA
FL,498.0,405.0,343.0,408,663.0,544.0,462.0,547,73,81,57,19,230,IIB
GA,527.0,421.0,356.0,426,651.0,528.0,441.0,528,19,24,19,4,66,IIB
GA,444.0,395.0,335.0,371,578.0,519.0,437.0,484,38,24,68,8,138,IIB
GA,462.0,367.0,315.0,347,588.0,457.0,391.0,434,38,32,119,12,201,IIB
GA,503.0,409.0,336.0,383,645.0,520.0,431.0,489,40,43,79,21,183,IIA
GA,515.0,403.0,343.0,399,650.0,519.0,439.0,509,25,20,38,3,92,IIB
GA,456.0,375.0,333.0,396,588.0,491.0,437.0,515,75,50,51,2,178,IIA
GA,796.0,547.0,451.0,608,972.0,686.0,567.0,753,203,177,161,8,549,I
GA,471.0,382.0,339.0,379,596.0,490.0,439.0,487,37,39,49,17,142,IIB
GA,684.0,517.0,462.0,558,862.0,665.0,594.0,711,235,206,167,17,626,I
GA,457.0,386.0,360.0,398,587.0,496.0,460.0,511,44,58,40,4,146,IIB
GA,495.0,408.0,328.0,363,623.0,509.0,407.0,453,105,135,254,109,603,IIA
GA,666.0,474.0,390.0,502,817.0,594.0,493.0,624,258,254,241,40,793,I
GA,523.0,428.0,353.0,399,661.0,542.0,445.0,506,69,116,111,54,350,IIA
GA,555.0,423.0,351.0,433,686.0,538.0,435.0,540,76,78,81,11,246,IIA
GA,516.0,454.0,329.0,450,630.0,550.0,390.0,546,21,9,10,0,44,IIB
GA,370.0,308.0,294.0,317,439.0,368.0,355.0,379,16,17,17,5,55,IIB
GA,619.0,444.0,378.0,489,768.0,553.0,464.0,607,650,552,391,64,1658,I
GA,477.0,386.0,344.0,390,603.0,496.0,445.0,500,88,90,114,19,311,IIA
GA,466.0,391.0,353.0,392,595.0,502.0,454.0,502,98,50,97,27,272,IIA
GA,447.0,388.0,340.0,373,571.0,496.0,440.0,479,47,41,80,11,179,IIA
GA,429.0,371.0,312.0,388,519.0,492.0,390.0,484,19,12,6,1,38,IIB
HI,713.0,532.0,458.0,570,887.0,677.0,587.0,719,442,285,272,100,1099,I
HI,513.0,,396.0,449,654.0,,512.0,576,8,4,8,0,20,IIB
HI,576.0,461.0,414.0,467,731.0,591.0,534.0,598,43,47,37,14,141,IIB
IA,367.0,324.0,286.0,313,473.0,412.0,359.0,398,16,13,28,3,60,IIB
IA,484.0,416.0,339.0,382,606.0,522.0,440.0,486,20,12,30,10,72,IIB
IA,464.0,413.0,334.0,395,572.0,507.0,405.0,483,23,36,22,8,89,IIB
IA,436.0,361.0,312.0,338,512.0,445.0,379.0,407,11,10,25,8,54,IIB
IA,516.0,421.0,340.0,436,671.0,541.0,459.0,570,30,21,22,0,73,IIB
IA,578.0,426.0,368.0,468,693.0,534.0,463.0,574,31,22,17,5,75,IIB
IA,411.0,356.0,308.0,355,548.0,470.0,406.0,472,30,14,16,12,72,IIB
IA,601.0,458.0,409.0,481,762.0,578.0,496.0,600,101,61,107,16,285,IIA
IA,411.0,331.0,301.0,345,490.0,401.0,366.0,418,26,11,29,1,70,IIB
IA,385.0,320.0,295.0,329,481.0,405.0,377.0,416,22,31,20,2,75,IIB
IA,642.0,517.0,405.0,513,809.0,641.0,496.0,638,46,36,52,3,139,IIB
IA,684.0,506.0,404.0,534,842.0,635.0,514.0,666,467,353,284,84,1188,I
IA,419.0,363.0,314.0,363,531.0,438.0,378.0,445,37,35,31,6,109,IIB
IA,478.0,399.0,347.0,404,630.0,548.0,445.0,531,63,26,50,16,155,IIB
IA,389.0,331.0,303.0,341,495.0,414.0,365.0,425,20,29,16,1,66,IIB
IA,379.0,356.0,334.0,337,465.0,427.0,396.0,405,7,20,28,8,63,IIB
IA,,,,302,,,,373,0,0,0,0,18,IIA
IA,430.0,372.0,311.0,344,531.0,477.0,394.0,434,9,16,27,6,58,IIB
IA,491.0,377.0,339.0,394,645.0,473.0,434.0,504,25,11,17,14,67,IIB
IA,431.0,374.0,325.0,362,541.0,471.0,401.0,450,29,15,44,8,98,IIB
IA,586.0,469.0,390.0,447,730.0,591.0,491.0,561,155,152,226,89,622,IIA
IA,351.0,315.0,309.0,323,443.0,392.0,358.0,396,19,23,14,2,58,IIB
IA,706.0,509.0,432.0,579,872.0,643.0,549.0,723,486,308,260,10,1064,I
IA,,,287.0,303,,,348.0,366,4,5,6,12,27,IIB
IA,447.0,370.0,308.0,358,564.0,469.0,385.0,451,25,21,29,4,89,IIB
IA,,314.0,289.0,292,,388.0,355.0,359,5,13,22,14,54,IIB
IA,351.0,312.0,269.0,294,420.0,386.0,335.0,363,8,11,19,7,45,IIB
ID,448.0,391.0,354.0,391,566.0,498.0,453.0,498,157,111,100,7,427,IIA
ID,424.0,338.0,266.0,336,540.0,430.0,338.0,428,16,20,19,1,56,IIB
ID,466.0,382.0,337.0,368,588.0,487.0,433.0,471,128,99,113,120,460,IIA
ID,391.0,329.0,292.0,338,499.0,425.0,381.0,436,39,35,35,1,110,IIB
ID,,,,341,,,,448,0,0,0,0,71,IIB
ID,514.0,408.0,373.0,438,640.0,514.0,472.0,550,217,165,155,9,546,I
IL,527.0,425.0,362.0,418,648.0,523.0,449.0,517,41,28,50,18,137,IIB
IL,434.0,379.0,339.0,372,528.0,461.0,402.0,447,18,16,19,16,69,IIB
IL,507.0,405.0,333.0,402,599.0,473.0,394.0,474,9,9,14,0,32,IIB
IL,,,,312,,,,370,0,0,0,0,23,IIB
IL,570.0,464.0,378.0,442,679.0,562.0,449.0,529,75,88,100,30,295,IIA
IL,446.0,422.0,345.0,392,551.0,524.0,435.0,489,12,15,23,0,50,IIB
IL,,,,349,,,,446,0,0,0,0,171,IIB
IL,399.0,351.0,295.0,351,487.0,435.0,374.0,435,30,23,24,1,78,IIB
IL,702.0,543.0,427.0,524,857.0,681.0,527.0,648,120,173,152,55,500,IIA
IL,442.0,373.0,333.0,364,515.0,438.0,393.0,428,190,161,120,87,560,IIA
IL,,370.0,315.0,355,,458.0,390.0,438,5,16,16,0,37,IIB
IL,374.0,331.0,292.0,336,466.0,424.0,370.0,422,27,11,15,4,57,IIB
IL,522.0,424.0,347.0,424,621.0,503.0,410.0,502,16,18,14,3,51,IIB
IL,680.0,480.0,452.0,512,836.0,606.0,558.0,636,93,81,73,11,287,I
IL,548.0,436.0,373.0,460,638.0,514.0,445.0,541,289,187,244,0,720,I
IL,460.0,378.0,359.0,394,529.0,439.0,418.0,455,139,88,71,0,331,IIA
IL,446.0,369.0,320.0,345,509.0,425.0,371.0,399,120,65,77,14,351,IIA
IL,570.0,452.0,374.0,445,729.0,593.0,477.0,572,32,42,47,8,129,IIB
IL,400.0,358.0,305.0,358,486.0,445.0,366.0,438,10,12,6,1,29,IIB
IL,,357.0,,319,,423.0,,377,1,11,3,4,19,IIB
IL,508.0,414.0,342.0,432,650.0,518.0,416.0,544,35,17,20,5,77,IIB
IL,644.0,475.0,402.0,495,843.0,650.0,543.0,662,26,22,24,5,81,IIB
IL,467.0,392.0,330.0,357,561.0,481.0,407.0,437,37,20,29,52,138,IIA
IL,761.0,536.0,433.0,570,924.0,664.0,536.0,701,164,230,163,6,563,I
IL,324.0,263.0,250.0,262,393.0,334.0,307.0,318,13,9,16,31,69,IIB
IL,433.0,397.0,341.0,381,539.0,493.0,407.0,467,16,10,16,5,47,IIB
IL,478.0,409.0,313.0,386,583.0,501.0,383.0,472,34,38,46,6,124,IIB
IL,443.0,339.0,325.0,381,544.0,412.0,385.0,464,20,12,11,1,44,IIB
IL,490.0,405.0,337.0,348,566.0,472.0,394.0,405,20,51,120,23,253,IIA
IL,473.0,399.0,348.0,398,588.0,501.0,437.0,497,24,40,28,5,97,IIB
IL,415.0,337.0,285.0,339,540.0,426.0,352.0,431,23,18,18,2,65,IIB
IL,578.0,435.0,375.0,440,667.0,509.0,443.0,515,314,266,246,112,944,I
IL,860.0,596.0,496.0,712,1045.0,735.0,602.0,868,460,209,203,0,872,I
IL,391.0,335.0,278.0,320,476.0,412.0,346.0,395,26,22,36,8,92,IIA
IL,465.0,400.0,345.0,395,572.0,540.0,414.0,490,20,9,13,7,49,IIB
IL,372.0,371.0,285.0,345,459.0,462.0,351.0,427,18,21,14,2,55,IIB
IL,484.0,405.0,359.0,416,610.0,517.0,464.0,531,50,58,42,2,152,IIA
IL,448.0,378.0,377.0,382,543.0,479.0,454.0,468,10,25,34,3,72,IIB
IL,564.0,436.0,359.0,422,657.0,517.0,431.0,500,272,255,313,33,977,I
IL,531.0,442.0,389.0,453,616.0,520.0,462.0,531,168,126,95,24,421,IIA
IL,463.0,395.0,315.0,409,576.0,493.0,403.0,511,38,36,17,0,91,IIA
IL,551.0,452.0,388.0,439,667.0,548.0,471.0,531,22,78,53,6,159,IIA
IL,,346.0,291.0,320,,406.0,347.0,377,5,11,13,2,31,IIB
IL,894.0,586.0,515.0,742,1104.0,724.0,636.0,916,467,138,161,36,802,I
IL,682.0,493.0,421.0,570,783.0,574.0,494.0,659,927,520,393,1,1868,I
IL,656.0,476.0,411.0,513,755.0,555.0,483.0,596,401,369,296,20,1135,I
IL,506.0,427.0,350.0,421,587.0,500.0,414.0,493,241,171,123,62,606,IIA
IL,510.0,437.0,368.0,452,640.0,569.0,461.0,574,67,54,32,3,156,IIA
IL,576.0,540.0,396.0,487,694.0,660.0,480.0,591,15,12,16,4,47,IIB
IL,499.0,437.0,370.0,433,594.0,516.0,447.0,516,50,62,46,5,163,IIA
IN,415.0,340.0,316.0,347,532.0,427.0,389.0,437,43,45,36,14,138,IIB
IN,517.0,410.0,332.0,384,666.0,537.0,438.0,501,297,160,350,155,965,I
IN,,,285.0,295,,,363.0,376,5,4,26,1,36,IIB
IN,521.0,442.0,366.0,439,650.0,551.0,447.0,544,72,66,77,3,220,IIA
IN,540.0,433.0,361.0,452,695.0,570.0,465.0,587,51,57,38,0,146,IIB
IN,514.0,394.0,338.0,445,639.0,483.0,414.0,551,44,13,22,0,79,IIB
IN,500.0,415.0,351.0,414,602.0,505.0,415.0,496,57,43,58,4,170,IIA
IN,440.0,363.0,325.0,381,549.0,453.0,411.0,477,24,16,20,0,60,IIB
IN,388.0,341.0,291.0,345,479.0,410.0,344.0,418,37,19,28,0,84,IIB
IN,326.0,264.0,228.0,285,439.0,372.0,334.0,395,14,11,6,0,31,IIB
IN,555.0,437.0,377.0,432,682.0,539.0,455.0,524,28,16,35,13,92,IIB
IN,438.0,367.0,305.0,358,544.0,455.0,379.0,444,11,11,13,3,38,IIB
IN,487.0,408.0,358.0,382,620.0,515.0,433.0,469,16,38,52,19,125,IIA
IN,493.0,421.0,377.0,384,636.0,545.0,477.0,491,35,38,58,50,181,IIA
IN,674.0,479.0,399.0,540,852.0,615.0,507.0,685,624,344,305,1,1361,I
IN,,405.0,327.0,341,,529.0,424.0,443,5,12,24,0,59,IIB
IN,498.0,408.0,340.0,385,648.0,534.0,444.0,503,53,106,123,15,303,IIA
IN,643.0,469.0,405.0,469,820.0,604.0,514.0,599,170,217,215,1,688,IIA
IN,519.0,432.0,380.0,397,665.0,548.0,482.0,504,13,21,29,0,81,IIB
IN,544.0,446.0,355.0,410,694.0,575.0,449.0,522,25,63,33,0,152,IIA
IN,544.0,445.0,391.0,420,696.0,571.0,495.0,537,32,56,57,0,175,IIA
IN,529.0,408.0,369.0,422,679.0,526.0,470.0,540,41,24,42,0,125,IIA
IN,412.0,340.0,289.0,340,527.0,416.0,348.0,420,24,22,17,11,74,IIB
IN,420.0,329.0,303.0,330,520.0,411.0,379.0,411,15,23,34,5,79,IIB
IN,396.0,342.0,294.0,335,492.0,431.0,367.0,418,22,23,34,2,81,IIB
IN,,282.0,252.0,269,,340.0,314.0,328,3,11,10,4,28,IIB
IN,721.0,485.0,423.0,562,920.0,631.0,548.0,722,603,411,400,29,1443,I
IN,519.0,413.0,364.0,405,677.0,541.0,479.0,530,47,105,74,21,247,IIA
IN,608.0,522.0,447.0,549,797.0,679.0,568.0,715,51,29,21,0,101,IIB
IN,,334.0,313.0,316,,393.0,371.0,373,3,8,21,5,37,IIB
IN,373.0,374.0,312.0,344,486.0,478.0,400.0,443,13,12,19,1,45,IIB
IN,324.0,264.0,235.0,265,426.0,350.0,316.0,353,6,6,9,2,23,IIB
IN,307.0,234.0,199.0,232,382.0,295.0,246.0,290,11,11,18,4,44,IIB
IN,524.0,391.0,331.0,388,675.0,509.0,435.0,505,21,43,52,1,117,IIB
IN,357.0,,,332,405.0,,,376,6,3,5,1,15,IIB
IN,404.0,352.0,300.0,355,555.0,486.0,382.0,480,36,31,25,3,95,IIB
IN,395.0,324.0,291.0,340,485.0,395.0,356.0,415,23,28,10,3,64,IIB
IN,798.0,562.0,470.0,637,985.0,701.0,573.0,787,274,195,164,11,644,I
IN,559.0,423.0,372.0,446,681.0,525.0,459.0,548,67,58,74,5,204,IIA
IN,612.0,474.0,371.0,501,770.0,602.0,482.0,637,31,22,20,1,74,IIB
IN,500.0,394.0,343.0,423,647.0,513.0,438.0,545,248,133,151,16,548,I
KS,369.0,318.0,288.0,327,443.0,396.0,346.0,397,18,18,16,0,52,IIB
KS,335.0,280.0,248.0,281,415.0,360.0,308.0,350,16,9,24,2,51,IIB
KS,325.0,285.0,267.0,285,408.0,356.0,336.0,358,16,19,8,5,48,IIB
KS,446.0,378.0,325.0,377,556.0,475.0,412.0,474,84,56,71,21,232,IIA
KS,450.0,381.0,331.0,375,567.0,484.0,425.0,477,103,76,70,4,291,IIA
KS,435.0,390.0,330.0,367,553.0,499.0,427.0,471,67,67,78,26,238,IIA
KS,550.0,419.0,368.0,440,686.0,530.0,466.0,554,305,231,259,63,858,I
KS,337.0,290.0,265.0,293,394.0,343.0,299.0,340,11,14,10,3,38,IIB
KS,318.0,274.0,254.0,272,397.0,353.0,313.0,342,7,16,11,3,37,IIB
KS,338.0,292.0,264.0,284,410.0,348.0,309.0,338,13,12,22,8,55,IIB
KS,340.0,318.0,278.0,311,415.0,388.0,341.0,380,16,10,10,3,39,IIB
KS,336.0,301.0,261.0,282,390.0,358.0,313.0,335,10,11,15,5,43,IIB
KS,304.0,,222.0,257,385.0,,282.0,326,8,5,8,3,24,IIB
KS,579.0,422.0,367.0,485,714.0,529.0,458.0,603,474,297,204,6,981,I
KS,594.0,438.0,333.0,457,719.0,540.0,416.0,561,76,55,59,11,201,IIA
KS,555.0,417.0,361.0,415,679.0,518.0,450.0,514,101,154,188,24,467,IIA
KS,371.0,305.0,265.0,300,457.0,378.0,329.0,372,18,12,24,6,60,IIB
KS,335.0,316.0,278.0,296,374.0,368.0,327.0,342,11,16,16,7,50,IIB
KY,473.0,385.0,326.0,394,583.0,480.0,396.0,482,32,18,27,7,84,IIA
KY,552.0,428.0,355.0,436,675.0,518.0,421.0,525,32,43,31,6,112,IIB
KY,,322.0,273.0,299,,390.0,324.0,357,4,10,14,4,32,IIB
KY,342.0,278.0,252.0,277,422.0,350.0,318.0,347,12,11,16,7,46,IIB
KY,359.0,315.0,289.0,313,416.0,370.0,333.0,363,15,22,26,3,66,IIB
KY,521.0,418.0,351.0,431,653.0,514.0,423.0,532,27,21,21,4,73,IIB
KY,354.0,291.0,272.0,286,438.0,362.0,337.0,355,17,23,32,20,97,IIB
KY,519.0,439.0,371.0,442,648.0,551.0,468.0,555,237,135,185,29,586,IIA
KY,398.0,338.0,297.0,343,493.0,418.0,352.0,420,29,18,19,6,72,IIB
KY,460.0,403.0,329.0,377,576.0,505.0,416.0,474,26,35,52,5,118,IIB
KY,383.0,326.0,292.0,327,474.0,404.0,358.0,405,17,18,11,5,51,IIB
KY,,359.0,278.0,294,,427.0,331.0,349,2,7,11,18,38,IIB
KY,478.0,395.0,322.0,373,600.0,498.0,410.0,472,87,89,123,37,336,IIA
KY,462.0,396.0,342.0,383,601.0,520.0,451.0,503,95,101,101,7,336,IIA
KY,359.0,314.0,275.0,304,434.0,377.0,332.0,367,8,25,15,3,51,IIB
KY,447.0,393.0,318.0,384,627.0,526.0,424.0,521,18,25,18,2,63,IIB
KY,314.0,287.0,255.0,277,383.0,353.0,304.0,335,11,20,8,9,48,IIB
KY,634.0,473.0,418.0,521,760.0,574.0,504.0,628,470,416,308,6,1200,I
KY,584.0,442.0,368.0,476,715.0,547.0,449.0,584,276,208,169,12,674,I
KY,352.0,324.0,277.0,312,432.0,394.0,345.0,382,12,30,18,1,62,IIB
KY,485.0,408.0,347.0,413,613.0,517.0,442.0,524,223,135,144,43,553,IIA
KY,506.0,427.0,350.0,388,623.0,529.0,432.0,478,83,96,90,14,341,IIA
LA,499.0,380.0,324.0,412,625.0,468.0,396.0,512,28,20,16,2,66,IIB
LA,494.0,373.0,342.0,350,567.0,437.0,398.0,406,8,15,59,10,96,IIB
LA,440.0,361.0,316.0,338,535.0,439.0,385.0,412,72,67,82,40,286,IIB
LA,442.0,392.0,329.0,349,491.0,437.0,369.0,391,48,48,124,45,265,IIA
LA,375.0,324.0,308.0,338,484.0,427.0,401.0,440,25,13,18,4,60,IIB
LA,472.0,408.0,344.0,391,549.0,494.0,418.0,467,129,93,131,36,389,IIA
LA,594.0,437.0,379.0,464,711.0,527.0,461.0,559,561,387,313,178,1439,I
LA,458.0,414.0,337.0,385,539.0,498.0,403.0,458,53,37,48,18,156,IIA
LA,512.0,378.0,352.0,404,609.0,453.0,423.0,483,199,128,116,67,510,IIA
LA,593.0,451.0,393.0,476,728.0,560.0,482.0,587,77,103,45,2,241,IIA
LA,456.0,374.0,323.0,363,554.0,458.0,398.0,446,76,77,104,33,290,IIA
LA,459.0,376.0,325.0,343,559.0,458.0,396.0,418,88,102,159,100,449,IIA
LA,418.0,360.0,312.0,335,500.0,432.0,375.0,403,44,47,98,34,223,IIA
LA,,306.0,325.0,314,,378.0,400.0,385,1,9,9,6,25,IIB
LA,468.0,405.0,329.0,348,566.0,486.0,398.0,421,68,68,163,90,389,IIA
LA,406.0,329.0,298.0,320,487.0,397.0,361.0,387,23,22,64,11,120,IIB
LA,713.0,514.0,418.0,564,876.0,646.0,514.0,699,172,166,115,3,456,I
LA,533.0,409.0,359.0,402,633.0,493.0,434.0,483,147,136,167,98,548,I
LA,459.0,389.0,332.0,352,546.0,456.0,386.0,413,37,41,91,34,203,IIA
LA,455.0,392.0,336.0,367,538.0,464.0,398.0,434,100,88,210,48,446,IIA
MA,726.0,516.0,425.0,610,917.0,661.0,546.0,774,87,23,43,0,153,IIB
MA,407.0,364.0,318.0,341,499.0,470.0,377.0,416,6,9,14,4,33,IIB
MA,479.0,400.0,325.0,385,610.0,518.0,413.0,492,22,42,40,3,107,IIB
MA,507.0,393.0,326.0,395,652.0,518.0,407.0,510,24,63,38,0,125,IIB
MA,787.0,613.0,557.0,633,975.0,769.0,700.0,790,31,45,31,3,119,IIB
MA,717.0,566.0,493.0,575,894.0,708.0,599.0,712,48,84,56,10,198,IIA
MA,504.0,402.0,329.0,381,605.0,491.0,405.0,466,17,59,61,2,139,IIB
MA,784.0,569.0,496.0,614,964.0,717.0,604.0,761,165,245,126,10,556,I
MA,447.0,352.0,310.0,346,557.0,450.0,384.0,435,9,18,8,6,41,IIB
MA,687.0,493.0,403.0,550,859.0,619.0,496.0,686,142,71,40,3,299,I
MA,664.0,469.0,395.0,522,822.0,593.0,488.0,651,58,64,38,0,160,IIA
MA,431.0,353.0,305.0,342,524.0,429.0,371.0,415,10,18,19,5,52,IIB
MA,695.0,506.0,406.0,519,875.0,627.0,500.0,644,44,84,54,4,186,IIB
MA,669.0,502.0,386.0,488,874.0,652.0,494.0,632,21,33,35,3,92,IIA
MA,432.0,352.0,319.0,381,578.0,467.0,424.0,505,35,18,13,5,71,IIB
MA,1009.0,559.0,500.0,793,1236.0,723.0,653.0,989,654,149,255,8,1172,I
MA,,336.0,322.0,320,,403.0,389.0,387,3,7,13,4,27,IIB
MA,664.0,539.0,464.0,587,805.0,662.0,577.0,717,223,191,52,10,476,I
MA,903.0,637.0,528.0,757,1124.0,806.0,678.0,951,583,177,164,36,989,I
MA,517.0,440.0,400.0,468,672.0,583.0,542.0,617,144,53,41,17,255,IIA
MA,512.0,429.0,395.0,444,644.0,540.0,501.0,560,87,56,70,11,224,IIA
MA,510.0,394.0,361.0,428,642.0,507.0,468.0,546,34,34,21,2,91,IIB
MA,523.0,419.0,378.0,457,662.0,530.0,478.0,578,79,46,44,0,169,IIA
MA,528.0,456.0,370.0,463,669.0,585.0,483.0,593,81,44,30,13,168,IIA
MA,694.0,505.0,400.0,541,866.0,645.0,496.0,678,73,47,51,3,191,IIB
MA,688.0,525.0,460.0,543,880.0,689.0,599.0,705,236,260,176,0,730,I
MA,504.0,425.0,345.0,407,627.0,542.0,426.0,513,9,20,14,1,46,IIB
MA,589.0,471.0,386.0,477,724.0,592.0,482.0,593,54,54,53,6,167,IIA
MA,732.0,514.0,405.0,591,932.0,646.0,502.0,747,127,70,59,6,262,IIA
MA,572.0,482.0,420.0,526,722.0,611.0,535.0,665,203,61,32,1,321,IIA
MA,520.0,404.0,321.0,376,643.0,501.0,399.0,467,34,45,78,17,174,IIA
MA,513.0,428.0,354.0,423,657.0,541.0,458.0,539,24,56,36,0,116,IIB
MA,727.0,548.0,484.0,611,925.0,706.0,599.0,777,111,73,33,15,232,IIA
MA,735.0,549.0,447.0,592,964.0,710.0,607.0,777,148,157,98,2,405,I
MA,704.0,537.0,438.0,607,880.0,680.0,557.0,762,650,306,146,7,1172,I
MA,656.0,543.0,445.0,549,813.0,679.0,563.0,686,154,186,100,1,473,IIA
MA,757.0,550.0,453.0,603,988.0,712.0,570.0,779,97,44,74,4,222,IIB
MA,659.0,497.0,437.0,543,823.0,632.0,545.0,682,54,42,29,6,131,IIA
MA,602.0,435.0,357.0,486,740.0,539.0,448.0,601,44,16,25,6,91,IIB
MA,545.0,420.0,362.0,415,662.0,518.0,433.0,505,8,20,20,1,49,IIA
MA,707.0,503.0,417.0,543,923.0,669.0,566.0,719,77,36,88,0,213,IIB
MA,659.0,527.0,451.0,546,842.0,680.0,557.0,693,75,70,58,4,212,IIA
MD,,344.0,,352,,406.0,,416,5,7,5,0,17,IIB
MD,510.0,433.0,349.0,401,647.0,554.0,452.0,515,31,28,51,14,127,IIA
MD,443.0,377.0,309.0,362,493.0,441.0,365.0,419,19,25,29,3,76,IIB
MD,308.0,297.0,293.0,296,344.0,329.0,325.0,329,17,9,11,5,42,IIB
MD,557.0,435.0,366.0,431,707.0,559.0,476.0,554,26,32,36,4,103,IIB
MD,498.0,423.0,366.0,416,646.0,538.0,468.0,530,76,56,70,8,228,IIA
MD,529.0,387.0,358.0,411,661.0,489.0,452.0,518,21,27,23,4,75,IIB
MD,516.0,425.0,352.0,402,665.0,530.0,434.0,502,14,21,40,1,76,IIA
MD,798.0,542.0,435.0,593,972.0,677.0,551.0,734,330,110,160,52,767,I
MD,632.0,500.0,397.0,482,802.0,640.0,511.0,617,50,76,89,5,222,IIA
MD,594.0,517.0,439.0,450,743.0,651.0,558.0,571,26,41,91,42,229,IIA
MD,465.0,384.0,311.0,358,563.0,487.0,382.0,448,14,29,34,4,85,IIB
MD,543.0,445.0,357.0,404,679.0,562.0,458.0,513,54,63,78,8,240,IIA
MD,,,,437,,,,572,0,0,0,0,43,IIB
MD,560.0,426.0,347.0,426,686.0,533.0,430.0,526,24,35,29,9,97,IIB
MD,531.0,433.0,388.0,439,692.0,565.0,505.0,573,141,136,169,25,471,IIA
MD,595.0,455.0,377.0,492,721.0,556.0,466.0,600,125,100,67,7,299,IIB
MD,680.0,560.0,490.0,582,833.0,693.0,612.0,719,62,50,54,0,166,IIA
MD,703.0,487.0,406.0,539,865.0,608.0,505.0,669,535,388,163,133,1285,I
MD,638.0,455.0,395.0,464,783.0,571.0,491.0,577,87,119,104,32,353,I
MD,500.0,455.0,388.0,379,630.0,572.0,493.0,482,8,33,25,5,113,IIA
MD,496.0,419.0,348.0,443,637.0,532.0,421.0,562,33,12,15,0,60,IIB
MD,477.0,379.0,313.0,412,612.0,489.0,400.0,530,36,30,10,3,79,IIB
ME,439.0,354.0,302.0,343,562.0,453.0,389.0,440,15,19,25,4,67,IIB
ME,671.0,490.0,404.0,518,824.0,600.0,494.0,635,45,31,45,6,127,IIB
ME,738.0,527.0,418.0,554,918.0,651.0,503.0,682,41,40,35,4,123,IIB
ME,745.0,515.0,383.0,524,904.0,622.0,453.0,629,43,33,60,4,140,IIB
ME,464.0,348.0,292.0,385,594.0,448.0,377.0,496,47,26,13,14,101,IIB
ME,436.0,347.0,320.0,356,555.0,442.0,415.0,456,9,10,12,2,33,IIB
ME,407.0,358.0,302.0,334,454.0,401.0,338.0,374,12,13,18,6,49,IIB
ME,450.0,380.0,323.0,354,545.0,468.0,396.0,434,11,22,39,4,76,IIA
ME,,321.0,283.0,295,,391.0,353.0,370,4,8,33,0,45,IIB
ME,,338.0,297.0,318,,404.0,341.0,374,2,7,8,0,17,IIB
ME,574.0,436.0,366.0,449,716.0,552.0,463.0,566,122,197,102,19,452,I
ME,465.0,355.0,284.0,360,582.0,459.0,366.0,462,7,24,8,0,39,IIB
ME,355.0,261.0,261.0,285,418.0,313.0,313.0,340,8,7,16,0,31,IIB
ME,584.0,439.0,362.0,459,724.0,558.0,459.0,578,78,144,61,7,291,IIA
MI,439.0,365.0,316.0,386,559.0,466.0,407.0,493,37,8,14,7,66,IIB
MI,562.0,443.0,346.0,462,716.0,573.0,437.0,589,47,27,33,2,109,IIB
MI,523.0,408.0,335.0,422,645.0,515.0,423.0,527,25,27,21,2,75,IIB
MI,387.0,313.0,275.0,319,491.0,376.0,331.0,392,27,32,27,4,90,IIB
MI,471.0,410.0,363.0,446,604.0,527.0,461.0,571,152,33,20,7,212,IIB
MI,588.0,460.0,397.0,490,768.0,612.0,534.0,648,230,191,137,23,581,IIA
MI,342.0,304.0,257.0,289,428.0,377.0,340.0,369,10,12,15,3,40,IIB
MI,309.0,,,295,377.0,,,362,1,2,4,0,7,IIB
MI,560.0,447.0,389.0,462,722.0,590.0,519.0,605,318,171,160,17,729,IIA
MI,546.0,470.0,409.0,467,713.0,631.0,566.0,628,143,160,151,10,477,IIA
MI,353.0,287.0,254.0,283,474.0,376.0,326.0,371,9,19,12,4,44,IIB
MI,568.0,479.0,387.0,467,726.0,619.0,508.0,604,91,105,118,7,321,IIB
MI,515.0,420.0,350.0,443,681.0,559.0,455.0,585,70,49,38,2,159,IIB
MI,553.0,440.0,352.0,452,696.0,569.0,440.0,571,36,25,24,7,92,IIB
MI,482.0,395.0,352.0,382,576.0,465.0,430.0,459,19,12,42,11,84,IIB
MI,433.0,365.0,290.0,348,534.0,450.0,358.0,429,7,26,13,3,49,IIB
MI,651.0,493.0,413.0,555,843.0,663.0,569.0,732,949,494,350,47,1840,I
MI,668.0,482.0,420.0,511,854.0,638.0,563.0,671,99,124,95,11,338,IIA
MI,510.0,446.0,357.0,422,661.0,596.0,473.0,557,32,35,38,7,112,IIB
MI,571.0,459.0,347.0,467,749.0,609.0,468.0,619,149,72,61,21,329,IIA
MI,633.0,518.0,432.0,534,831.0,690.0,582.0,710,123,142,85,8,358,IIA
MI,400.0,,306.0,329,487.0,,357.0,390,13,4,23,2,44,IIB
MI,499.0,448.0,364.0,446,642.0,586.0,482.0,580,91,40,29,6,174,IIA
MI,,342.0,300.0,325,,443.0,383.0,418,2,31,23,1,57,IIB
MI,368.0,321.0,284.0,320,455.0,398.0,370.0,400,22,15,19,6,62,IIB
MI,552.0,452.0,408.0,451,701.0,583.0,531.0,582,70,66,51,0,219,IIA
MI,566.0,460.0,409.0,437,708.0,582.0,522.0,555,43,46,57,1,184,IIA
MI,683.0,525.0,447.0,535,846.0,664.0,560.0,669,317,267,216,8,925,I
MI,603.0,489.0,396.0,502,755.0,620.0,505.0,633,285,233,189,24,731,I
MI,,,370.0,385,,,481.0,496,5,4,25,2,36,IIB
MI,401.0,333.0,263.0,360,489.0,413.0,331.0,442,29,11,6,2,48,IIB
MI,777.0,577.0,460.0,605,955.0,731.0,595.0,760,850,419,472,9,1968,I
MN,432.0,356.0,314.0,357,559.0,449.0,387.0,450,35,29,58,1,123,IIB
MN,490.0,403.0,341.0,419,629.0,520.0,443.0,539,91,40,50,11,192,IIA
MN,638.0,486.0,394.0,521,807.0,604.0,505.0,659,68,36,45,4,155,IIB
MN,493.0,404.0,334.0,381,595.0,512.0,405.0,468,18,50,47,8,125,IIB
MN,428.0,369.0,326.0,356,515.0,448.0,385.0,427,27,53,54,9,143,IIB
MN,461.0,374.0,327.0,345,568.0,466.0,421.0,436,14,31,50,18,119,IIB
MN,563.0,429.0,366.0,402,702.0,538.0,465.0,508,31,104,146,29,310,IIA
MN,527.0,419.0,356.0,413,638.0,503.0,426.0,496,47,38,60,21,166,IIB
MN,407.0,363.0,319.0,353,493.0,443.0,394.0,433,14,12,23,1,50,IIB
MN,486.0,402.0,338.0,408,625.0,507.0,423.0,518,59,47,44,12,162,IIB
MN,556.0,451.0,342.0,461,706.0,575.0,424.0,583,58,29,27,8,128,IIA
MN,639.0,492.0,406.0,514,807.0,622.0,500.0,645,46,32,36,7,121,IIB
MN,523.0,441.0,371.0,453,662.0,567.0,482.0,580,210,138,125,16,489,IIA
MN,512.0,421.0,353.0,419,651.0,544.0,461.0,540,131,65,120,29,345,IIA
MN,373.0,339.0,313.0,333,510.0,454.0,406.0,441,13,16,27,1,57,IIB
MN,525.0,417.0,355.0,459,686.0,551.0,466.0,602,57,40,19,1,117,IIB
MN,518.0,417.0,354.0,441,662.0,546.0,464.0,570,259,143,146,25,573,IIA
MN,512.0,412.0,353.0,418,672.0,523.0,435.0,532,37,44,38,6,126,IIB
MN,488.0,396.0,295.0,389,595.0,483.0,358.0,473,28,23,27,3,81,IIA
MN,551.0,417.0,355.0,446,673.0,509.0,430.0,543,82,93,49,11,235,IIB
MN,551.0,446.0,386.0,458,719.0,591.0,520.0,606,90,112,72,11,285,IIA
MN,533.0,399.0,334.0,389,697.0,534.0,457.0,522,27,23,45,17,112,IIB
MN,515.0,420.0,358.0,430,652.0,537.0,454.0,547,118,73,85,17,293,IIB
MN,662.0,468.0,418.0,557,842.0,613.0,552.0,719,785,468,271,12,1538,I
MN,430.0,356.0,313.0,375,597.0,464.0,404.0,503,43,48,12,7,110,IIB
MO,379.0,340.0,295.0,317,459.0,404.0,349.0,377,10,13,17,12,52,IIB
MO,402.0,336.0,252.0,310,478.0,403.0,308.0,374,11,20,22,3,56,IIB
MO,517.0,440.0,379.0,429,630.0,538.0,467.0,526,158,103,135,53,451,IIA
MO,362.0,307.0,273.0,299,437.0,375.0,336.0,364,10,11,22,3,46,IIB
MO,396.0,348.0,297.0,332,463.0,406.0,347.0,388,9,20,22,1,52,IIB
MO,448.0,394.0,323.0,375,546.0,483.0,400.0,460,26,23,31,2,87,IIB
MO,350.0,298.0,302.0,304,431.0,370.0,374.0,377,12,6,8,14,40,IIB
MO,440.0,,299.0,373,535.0,,357.0,450,26,1,13,7,47,IIB
MO,414.0,335.0,282.0,308,506.0,413.0,350.0,381,22,22,45,30,119,IIA
MO,416.0,367.0,306.0,340,477.0,422.0,354.0,392,15,27,55,0,97,IIA
MO,449.0,355.0,310.0,359,548.0,434.0,378.0,442,26,13,27,12,78,IIA
MO,489.0,406.0,349.0,389,592.0,496.0,430.0,476,42,50,67,28,187,IIB
MO,,318.0,285.0,302,,379.0,334.0,357,4,18,22,3,47,IIB
MO,473.0,393.0,334.0,385,580.0,483.0,414.0,474,44,44,64,9,161,IIB
MO,505.0,411.0,342.0,385,615.0,502.0,422.0,473,54,103,142,27,328,IIA
MO,526.0,404.0,348.0,379,634.0,490.0,425.0,461,48,49,85,36,231,IIA
MO,341.0,320.0,283.0,299,407.0,388.0,336.0,356,10,8,24,3,45,IIB
MO,448.0,380.0,350.0,369,548.0,460.0,422.0,448,15,31,33,9,88,IIB
MO,446.0,392.0,350.0,393,547.0,483.0,425.0,482,27,25,23,4,79,IIB
MO,505.0,432.0,359.0,416,612.0,527.0,441.0,508,113,99,106,45,363,IIA
MO,516.0,422.0,364.0,417,617.0,510.0,441.0,502,247,151,180,43,671,IIA
MO,657.0,475.0,402.0,500,783.0,575.0,484.0,600,133,111,120,31,395,I
MO,,,,282,,,,364,0,0,0,0,62,IIB
MO,603.0,456.0,407.0,485,729.0,560.0,499.0,592,336,256,244,63,899,I
MO,663.0,508.0,454.0,564,802.0,626.0,557.0,686,114,79,56,4,253,I
MO,580.0,445.0,381.0,473,702.0,545.0,467.0,577,151,167,107,9,434,I
MO,576.0,460.0,412.0,476,699.0,561.0,503.0,579,86,103,110,5,304,I
MO,782.0,534.0,451.0,601,952.0,652.0,540.0,730,264,136,175,18,620,I
MO,505.0,435.0,325.0,395,623.0,542.0,414.0,495,28,29,55,0,115,IIA
MO,451.0,390.0,298.0,381,549.0,481.0,361.0,465,17,17,12,4,50,IIB
MO,422.0,342.0,306.0,364,529.0,458.0,391.0,463,42,12,31,3,88,IIB
MO,370.0,303.0,290.0,312,476.0,374.0,350.0,390,13,13,13,5,45,IIB
MO,,294.0,281.0,265,,389.0,360.0,344,1,7,10,11,29,IIB
MO,,284.0,248.0,258,,366.0,308.0,324,4,8,21,5,38,IIB
MS,419.0,371.0,326.0,320,534.0,473.0,414.0,406,25,35,35,73,168,IIB
MS,364.0,304.0,298.0,314,423.0,355.0,348.0,366,9,8,15,2,34,IIB
MS,284.0,259.0,,263,347.0,315.0,,322,6,12,5,2,25,IIB
MS,400.0,337.0,314.0,337,487.0,413.0,386.0,413,60,32,47,36,175,IIA
MS,425.0,391.0,337.0,362,511.0,471.0,407.0,436,81,79,114,54,328,IIA
MS,498.0,376.0,322.0,387,615.0,478.0,381.0,475,25,27,29,4,85,IIB
MS,400.0,,306.0,324,492.0,,379.0,400,33,5,44,30,112,IIA
MS,540.0,432.0,389.0,455,649.0,521.0,471.0,548,278,191,155,40,669,I
MS,359.0,331.0,287.0,297,456.0,423.0,370.0,382,25,17,38,26,106,IIB
MS,341.0,280.0,302.0,285,382.0,313.0,337.0,318,11,8,24,18,61,IIB
MS,300.0,267.0,244.0,262,370.0,327.0,289.0,318,17,22,18,9,66,IIB
MS,558.0,428.0,384.0,440,676.0,524.0,471.0,537,138,111,158,29,439,I
MS,562.0,438.0,352.0,438,664.0,520.0,420.0,520,183,162,160,58,563,I
MT,394.0,343.0,285.0,326,478.0,413.0,344.0,394,12,23,29,0,64,IIB
MT,361.0,305.0,258.0,299,459.0,367.0,312.0,364,10,19,7,7,43,IIB
MT,409.0,358.0,292.0,348,500.0,440.0,364.0,430,47,41,48,5,141,IIA
MT,481.0,395.0,336.0,420,583.0,484.0,416.0,512,45,17,18,6,86,IIA
MT,497.0,397.0,346.0,407,602.0,487.0,427.0,498,154,146,144,24,468,I
MT,403.0,342.0,309.0,332,493.0,425.0,384.0,411,15,19,41,3,79,IIA
MT,446.0,365.0,323.0,392,537.0,442.0,395.0,474,200,79,95,16,390,I
MT,388.0,330.0,289.0,313,473.0,407.0,359.0,386,8,12,22,4,46,IIA
NC,524.0,448.0,409.0,432,637.0,547.0,496.0,526,68,106,116,15,361,IIA
NC,491.0,413.0,366.0,424,598.0,505.0,448.0,518,249,117,113,19,545,IIA
NC,533.0,436.0,350.0,417,647.0,532.0,430.0,510,40,41,37,4,147,IIB
NC,348.0,312.0,299.0,311,411.0,372.0,349.0,365,18,25,37,3,84,IIB
NC,352.0,312.0,287.0,297,412.0,360.0,335.0,347,13,12,14,13,52,IIB
NC,348.0,316.0,281.0,309,434.0,392.0,350.0,384,8,21,17,0,46,IIB
NC,351.0,377.0,300.0,323,418.0,437.0,346.0,375,9,16,16,11,52,IIB
NC,395.0,326.0,288.0,342,490.0,394.0,345.0,418,30,12,23,1,66,IIB
NC,626.0,460.0,356.0,506,801.0,591.0,440.0,644,60,34,32,4,130,IIB
NC,854.0,584.0,459.0,699,1055.0,728.0,553.0,862,330,149,141,0,620,I
NC,554.0,430.0,377.0,415,672.0,525.0,462.0,507,189,187,261,11,792,IIA
NC,472.0,415.0,338.0,398,580.0,510.0,420.0,489,32,32,16,3,105,IIB
NC,459.0,388.0,331.0,372,572.0,482.0,401.0,456,30,38,64,6,138,IIB
NC,525.0,437.0,375.0,407,640.0,536.0,460.0,499,27,72,50,4,193,IIA
NC,348.0,305.0,294.0,312,414.0,357.0,349.0,371,39,7,26,15,87,IIB
NC,377.0,331.0,309.0,333,456.0,400.0,367.0,404,11,21,10,2,44,IIB
NC,492.0,414.0,338.0,410,615.0,505.0,407.0,503,32,22,29,5,90,IIB
NC,475.0,397.0,330.0,349,591.0,496.0,407.0,435,14,25,35,9,94,IIB
NC,408.0,357.0,303.0,327,485.0,427.0,367.0,394,11,27,34,12,84,IIB
NC,377.0,323.0,295.0,345,462.0,410.0,357.0,426,47,26,17,1,91,IIB
NC,,257.0,263.0,259,,292.0,298.0,294,5,12,22,14,53,IIB
NC,356.0,308.0,259.0,309,426.0,378.0,309.0,372,35,16,18,11,80,IIB
NC,440.0,373.0,328.0,366,517.0,442.0,387.0,431,26,30,31,16,103,IIB
NC,348.0,309.0,295.0,316,416.0,371.0,353.0,379,21,21,19,1,62,IIB
NC,,304.0,274.0,299,,393.0,355.0,393,4,12,8,0,24,IIB
NC,551.0,447.0,373.0,423,670.0,547.0,460.0,518,56,84,70,9,263,IIA
NC,384.0,317.0,299.0,320,478.0,385.0,360.0,389,10,13,20,2,45,IIB
NC,538.0,403.0,341.0,413,655.0,495.0,421.0,505,49,32,31,2,143,IIA
NC,395.0,322.0,269.0,337,471.0,381.0,321.0,401,23,9,15,2,49,IIB
NC,427.0,360.0,319.0,350,511.0,437.0,384.0,422,14,21,20,8,63,IIB
NC,378.0,349.0,283.0,324,466.0,451.0,349.0,407,9,15,17,3,44,IIB
NC,,321.0,293.0,292,,383.0,348.0,345,5,19,43,25,92,IIB
NC,665.0,475.0,417.0,505,797.0,578.0,508.0,610,463,345,200,12,1235,I
NC,701.0,512.0,410.0,565,837.0,620.0,498.0,678,572,329,212,18,1268,I
NC,568.0,448.0,385.0,441,686.0,546.0,470.0,536,173,189,197,0,643,IIA
NC,610.0,443.0,377.0,435,735.0,540.0,461.0,529,140,178,135,8,572,I
NC,685.0,526.0,433.0,557,837.0,641.0,508.0,674,135,86,74,18,323,IIA
NC,,,,283,,,,352,0,0,0,0,42,IIB
NC,515.0,439.0,364.0,414,627.0,537.0,448.0,506,71,106,93,1,319,IIA
NC,533.0,419.0,366.0,421,648.0,511.0,449.0,514,94,105,108,1,346,IIA
NC,380.0,308.0,301.0,320,469.0,385.0,366.0,394,23,25,24,7,79,IIB
NC,480.0,421.0,365.0,407,587.0,516.0,451.0,500,39,48,30,6,149,IIB
ND,402.0,342.0,302.0,316,506.0,432.0,376.0,397,9,14,33,13,71,IIB
ND,415.0,,313.0,340,519.0,,399.0,429,9,4,21,3,37,IIB
ND,457.0,383.0,331.0,347,563.0,477.0,416.0,436,34,41,68,16,188,IIA
ND,460.0,391.0,345.0,379,572.0,489.0,431.0,473,130,124,163,27,472,I
ND,403.0,368.0,313.0,340,501.0,462.0,383.0,425,12,14,16,6,54,IIB
ND,473.0,391.0,353.0,398,545.0,458.0,420.0,467,130,125,149,6,423,IIA
NE,491.0,404.0,329.0,390,593.0,500.0,406.0,476,33,20,19,19,91,IIA
NE,,321.0,293.0,300,,395.0,347.0,362,5,13,19,6,43,IIB
NE,352.0,316.0,282.0,320,423.0,390.0,357.0,393,22,16,15,1,54,IIB
NE,649.0,462.0,351.0,437,793.0,562.0,418.0,529,66,119,127,22,342,IIA
NE,338.0,300.0,276.0,300,404.0,368.0,336.0,364,11,11,11,3,36,IIB
NE,436.0,392.0,326.0,360,521.0,465.0,391.0,431,17,7,28,5,57,IIB
NE,426.0,359.0,305.0,353,516.0,434.0,369.0,426,19,19,24,4,66,IIB
NE,509.0,433.0,365.0,409,618.0,533.0,448.0,502,81,89,92,9,309,IIA
NE,372.0,,278.0,301,449.0,,346.0,371,14,4,25,9,52,IIB
NE,528.0,446.0,417.0,452,635.0,540.0,507.0,547,149,115,97,36,403,IIA
NE,454.0,381.0,327.0,396,548.0,468.0,400.0,481,37,23,25,2,87,IIB
NE,483.0,402.0,308.0,367,584.0,493.0,385.0,452,14,8,19,9,50,IIB
NE,290.0,293.0,272.0,288,358.0,359.0,334.0,354,18,14,7,1,40,IIB
NE,661.0,477.0,410.0,523,792.0,584.0,505.0,635,436,344,316,31,1127,I
NE,481.0,411.0,324.0,394,585.0,501.0,399.0,482,46,25,41,13,125,IIA
NE,379.0,340.0,289.0,317,449.0,404.0,346.0,378,6,12,23,0,41,IIB
NE,,407.0,377.0,368,,469.0,434.0,425,1,6,8,11,26,IIB
NH,397.0,380.0,277.0,329,488.0,468.0,349.0,410,9,9,19,1,38,IIB
NH,785.0,536.0,429.0,610,1002.0,686.0,532.0,774,163,89,114,5,371,I
NH,470.0,382.0,323.0,399,605.0,487.0,412.0,510,28,29,17,2,76,IIB
NH,423.0,329.0,251.0,327,551.0,437.0,313.0,423,20,20,23,2,65,IIB
NH,567.0,425.0,356.0,459,728.0,558.0,464.0,597,31,32,15,5,83,IIA
NH,335.0,299.0,261.0,286,393.0,383.0,312.0,349,6,11,13,4,34,IIB
NH,449.0,363.0,331.0,365,541.0,419.0,392.0,429,12,29,18,7,66,IIA
NH,512.0,403.0,338.0,381,633.0,508.0,435.0,483,16,35,51,7,109,IIB
NH,587.0,454.0,375.0,482,729.0,575.0,483.0,607,196,253,127,0,576,I
NH,494.0,417.0,337.0,426,622.0,532.0,439.0,542,61,46,40,2,149,IIB
NH,518.0,405.0,354.0,431,650.0,518.0,458.0,548,59,55,38,6,158,IIB
NJ,476.0,434.0,354.0,406,602.0,547.0,443.0,510,12,13,17,4,46,IIB
NJ,,305.0,252.0,266,,371.0,310.0,326,1,10,16,9,36,IIB
NJ,426.0,388.0,322.0,365,490.0,437.0,384.0,420,9,19,16,3,47,IIB
NJ,603.0,463.0,386.0,529,762.0,580.0,479.0,664,61,28,15,4,108,IIA
NJ,490.0,425.0,373.0,403,592.0,509.0,450.0,487,19,13,30,8,71,IIB
NJ,,351.0,311.0,320,,422.0,375.0,385,1,14,24,5,44,IIB
NJ,649.0,525.0,405.0,520,840.0,697.0,558.0,692,80,66,90,1,237,IIB
NJ,616.0,509.0,408.0,519,783.0,668.0,523.0,669,41,55,29,1,126,IIA
NJ,647.0,521.0,417.0,532,802.0,661.0,541.0,672,155,130,125,9,419,IIA
NJ,771.0,606.0,501.0,615,976.0,790.0,670.0,799,104,98,71,0,303,IIA
NJ,640.0,516.0,423.0,525,833.0,691.0,582.0,700,115,107,115,3,340,IIA
NJ,653.0,519.0,409.0,535,859.0,687.0,541.0,707,120,97,88,7,312,IIB
NJ,963.0,564.0,437.0,749,1154.0,686.0,534.0,901,402,66,179,16,702,I
NJ,636.0,552.0,511.0,564,764.0,668.0,604.0,677,59,103,41,1,208,IIA
NJ,893.0,640.0,526.0,693,1097.0,812.0,682.0,871,141,125,73,16,374,IIA
NJ,736.0,557.0,414.0,553,894.0,683.0,507.0,675,98,110,101,13,332,IIA
NJ,477.0,391.0,317.0,404,600.0,498.0,412.0,514,46,42,21,5,117,IIB
NJ,647.0,494.0,415.0,544,807.0,634.0,525.0,685,66,37,30,4,137,IIA
NJ,644.0,524.0,422.0,525,845.0,691.0,557.0,690,108,81,123,1,313,IIB
NJ,860.0,633.0,510.0,648,1060.0,805.0,664.0,820,61,73,61,6,206,IIA
NJ,846.0,611.0,478.0,665,1045.0,780.0,624.0,838,601,393,258,90,1374,I
NJ,530.0,440.0,404.0,459,692.0,579.0,517.0,597,147,63,54,8,303,IIA
NJ,645.0,527.0,407.0,532,835.0,701.0,563.0,706,49,40,41,1,131,IIB
NJ,656.0,496.0,393.0,492,790.0,607.0,490.0,603,47,58,65,8,178,IIB
NM,,,,442,,,,587,0,0,0,0,53,IIB
NM,497.0,377.0,321.0,360,605.0,466.0,399.0,446,21,42,63,11,144,IIA
NM,435.0,362.0,305.0,349,541.0,454.0,386.0,439,26,32,59,0,117,IIA
NM,538.0,421.0,405.0,448,648.0,512.0,494.0,544,39,32,29,5,108,I
NM,524.0,433.0,360.0,434,641.0,531.0,444.0,533,202,167,196,17,582,I
NM,579.0,431.0,379.0,466,693.0,521.0,459.0,561,314,268,195,0,837,I
NV,647.0,480.0,390.0,508,741.0,558.0,458.0,589,145,133,95,5,403,I
NV,596.0,476.0,392.0,452,699.0,564.0,468.0,537,152,192,214,0,642,IIA
NY,661.0,596.0,484.0,563,891.0,822.0,679.0,776,25,29,36,3,93,IIB
NY,520.0,427.0,367.0,439,641.0,538.0,467.0,548,46,25,36,6,113,IIA
NY,657.0,460.0,365.0,521,860.0,605.0,481.0,683,40,15,29,0,84,IIB
NY,542.0,480.0,370.0,468,679.0,599.0,450.0,582,57,73,51,0,181,IIA
NY,443.0,354.0,295.0,337,549.0,445.0,374.0,423,8,13,21,3,45,IIB
NY,703.0,515.0,475.0,563,875.0,658.0,593.0,707,55,58,43,5,161,I
NY,669.0,505.0,406.0,539,848.0,637.0,497.0,677,78,61,56,3,198,IIB
NY,,388.0,336.0,366,,476.0,410.0,450,5,24,20,7,56,IIB
NY,539.0,449.0,391.0,447,693.0,579.0,499.0,574,11,38,17,1,67,IIA
NY,456.0,408.0,329.0,374,534.0,503.0,403.0,455,19,50,46,14,129,IIA
NY,882.0,554.0,452.0,687,1136.0,767.0,646.0,915,477,185,199,11,923,I
NY,733.0,516.0,395.0,508,943.0,652.0,509.0,654,49,19,56,6,154,IIB
NY,352.0,289.0,275.0,303,436.0,366.0,363.0,387,11,6,14,1,32,IIB
NY,684.0,514.0,433.0,607,872.0,673.0,600.0,784,35,18,6,0,59,IIB
NY,787.0,562.0,482.0,627,1047.0,748.0,640.0,834,447,189,148,3,914,I
NY,651.0,511.0,431.0,549,847.0,691.0,598.0,732,318,231,105,41,707,I
NY,404.0,385.0,327.0,359,485.0,456.0,390.0,427,15,22,32,7,76,IIB
NY,,400.0,354.0,365,,508.0,438.0,454,4,10,19,9,42,IIB
NY,497.0,342.0,306.0,359,666.0,449.0,395.0,472,13,24,26,0,63,IIB
NY,744.0,573.0,444.0,590,945.0,729.0,557.0,748,166,183,140,9,498,I
NY,631.0,478.0,377.0,478,801.0,608.0,475.0,604,46,37,54,12,149,IIB
NY,505.0,423.0,340.0,419,628.0,517.0,409.0,513,50,23,36,0,123,IIB
NY,605.0,462.0,352.0,495,749.0,579.0,431.0,614,61,39,34,3,137,IIB
NY,757.0,550.0,470.0,584,956.0,692.0,579.0,731,127,131,141,7,406,I
NY,370.0,323.0,265.0,327,487.0,424.0,343.0,428,30,29,17,1,77,IIB
NY,318.0,,261.0,278,376.0,,315.0,336,6,3,12,7,28,IIB
NY,594.0,462.0,393.0,461,756.0,594.0,496.0,587,42,81,59,10,192,IIA
NY,606.0,484.0,366.0,443,761.0,605.0,461.0,557,70,153,184,21,428,IIB
NY,403.0,346.0,283.0,338,473.0,412.0,335.0,399,15,8,19,0,42,IIB
NY,542.0,455.0,365.0,445,684.0,576.0,465.0,564,30,50,36,3,119,IIB
NY,595.0,500.0,388.0,488,767.0,627.0,495.0,621,45,74,50,3,172,IIA
NY,580.0,485.0,373.0,417,741.0,643.0,481.0,542,16,34,91,0,151,IIB
NY,426.0,349.0,297.0,357,546.0,442.0,383.0,455,17,24,13,2,56,IIB
NY,,407.0,332.0,382,,495.0,407.0,464,4,26,19,0,49,IIB
NY,524.0,399.0,341.0,416,640.0,493.0,423.0,511,53,38,48,6,149,IIB
NY,541.0,435.0,353.0,381,697.0,551.0,463.0,494,16,20,58,22,116,IIB
NY,435.0,371.0,276.0,349,525.0,446.0,322.0,418,11,16,13,2,43,IIB
NY,514.0,407.0,349.0,395,633.0,505.0,424.0,482,14,8,23,6,51,IIB
NY,513.0,428.0,343.0,430,634.0,533.0,425.0,532,37,33,35,0,105,IIB
NY,887.0,591.0,507.0,683,1172.0,785.0,674.0,905,532,337,252,42,1231,I
NY,503.0,430.0,376.0,443,612.0,524.0,448.0,537,39,43,24,2,108,IIA
NY,685.0,513.0,436.0,576,851.0,643.0,556.0,720,187,124,77,3,397,IIA
NY,750.0,548.0,475.0,640,922.0,703.0,601.0,799,190,118,61,0,369,I
NY,568.0,476.0,417.0,466,710.0,603.0,527.0,587,182,215,179,13,665,IIA
NY,487.0,409.0,351.0,397,609.0,506.0,435.0,493,19,56,37,6,118,IIA
NY,623.0,478.0,398.0,541,779.0,610.0,495.0,677,39,14,13,0,69,IIB
NY,642.0,492.0,397.0,498,831.0,639.0,516.0,646,42,69,48,5,164,IIB
NY,515.0,429.0,357.0,434,667.0,567.0,474.0,570,52,53,49,1,155,IIB
NY,492.0,398.0,377.0,425,642.0,535.0,495.0,562,56,51,43,4,154,IIA
NY,543.0,466.0,350.0,446,689.0,607.0,457.0,573,22,14,14,7,57,IIB
NY,513.0,427.0,376.0,432,635.0,512.0,451.0,524,29,40,36,1,106,IIB
NY,495.0,398.0,349.0,372,584.0,478.0,419.0,446,12,15,46,8,81,IIB
NY,627.0,473.0,366.0,488,799.0,613.0,472.0,627,50,56,40,7,153,IIB
NY,510.0,408.0,374.0,419,617.0,526.0,454.0,515,18,16,26,3,63,IIB
NY,732.0,526.0,407.0,576,934.0,679.0,524.0,739,260,217,125,0,638,I
NY,705.0,511.0,407.0,555,902.0,665.0,528.0,716,172,175,82,0,460,I
NY,755.0,534.0,414.0,589,961.0,688.0,526.0,751,346,216,183,24,801,I
NY,603.0,501.0,397.0,492,778.0,651.0,509.0,636,87,107,88,0,296,IIA
NY,536.0,433.0,359.0,444,693.0,560.0,464.0,573,144,157,88,3,424,IIA
NY,530.0,411.0,341.0,432,691.0,537.0,439.0,563,85,76,66,0,234,IIA
NY,562.0,438.0,350.0,450,731.0,569.0,451.0,585,93,65,54,15,235,IIA
NY,541.0,411.0,348.0,405,704.0,536.0,448.0,525,48,78,79,23,243,IIA
NY,584.0,458.0,373.0,462,758.0,594.0,480.0,598,90,96,73,0,283,IIA
NY,539.0,428.0,362.0,440,705.0,557.0,467.0,571,93,78,81,1,267,IIA
NY,537.0,427.0,339.0,441,702.0,556.0,435.0,574,111,105,78,4,302,IIA
NY,538.0,435.0,343.0,445,701.0,566.0,441.0,578,107,76,71,1,266,IIA
NY,531.0,413.0,337.0,424,691.0,539.0,436.0,552,78,63,52,9,219,IIA
NY,648.0,475.0,394.0,526,851.0,645.0,528.0,701,371,301,205,10,891,I
NY,487.0,394.0,339.0,401,642.0,520.0,439.0,527,27,46,32,0,105,IIB
NY,638.0,508.0,399.0,512,841.0,677.0,501.0,667,60,50,54,9,173,IIA
NY,747.0,520.0,434.0,611,895.0,626.0,520.0,733,252,130,110,7,508,I
NY,674.0,517.0,408.0,523,879.0,669.0,512.0,674,70,60,66,9,212,IIB
NY,457.0,366.0,326.0,368,587.0,477.0,438.0,483,20,17,31,4,72,IIB
NY,464.0,373.0,318.0,396,568.0,454.0,389.0,484,21,10,14,0,46,IIB
NY,631.0,513.0,408.0,531,825.0,672.0,520.0,690,233,175,124,22,561,IIA
NY,569.0,492.0,410.0,491,726.0,642.0,546.0,639,68,106,43,11,228,IIA
NY,534.0,432.0,362.0,437,696.0,565.0,468.0,570,29,52,28,0,114,IIB
NY,536.0,457.0,414.0,444,701.0,591.0,529.0,573,8,48,19,8,85,IIA
NY,592.0,480.0,374.0,466,758.0,616.0,485.0,599,36,42,40,8,127,IIB
NY,762.0,548.0,423.0,601,970.0,704.0,534.0,767,400,338,218,9,982,I
NY,543.0,437.0,361.0,430,706.0,562.0,468.0,554,33,47,35,3,132,IIB
OH,,286.0,,304,,354.0,,371,5,6,5,1,17,IIB
OH,484.0,418.0,329.0,398,624.0,530.0,437.0,515,52,58,58,4,179,IIB
OH,530.0,431.0,360.0,464,662.0,552.0,464.0,587,74,39,35,0,148,IIB
OH,368.0,309.0,272.0,312,466.0,389.0,347.0,399,16,13,19,1,49,IIB
OH,620.0,481.0,394.0,483,817.0,644.0,530.0,643,226,212,180,65,690,I
OH,563.0,405.0,334.0,424,704.0,540.0,429.0,543,54,36,57,11,158,IIA
OH,754.0,518.0,470.0,585,948.0,663.0,600.0,744,213,133,126,58,530,I
OH,419.0,364.0,300.0,346,527.0,459.0,379.0,436,32,37,60,3,132,IIB
OH,611.0,459.0,390.0,486,750.0,575.0,495.0,606,166,223,128,14,531,IIA
OH,477.0,412.0,339.0,360,575.0,482.0,401.0,423,10,21,52,17,100,IIB
OH,445.0,362.0,300.0,349,580.0,440.0,405.0,449,15,32,34,2,83,IIB
OH,561.0,411.0,346.0,449,735.0,518.0,429.0,575,52,24,44,2,122,IIB
OH,476.0,394.0,325.0,399,609.0,508.0,412.0,509,25,21,17,7,70,IIB
OH,373.0,333.0,277.0,326,438.0,388.0,330.0,382,14,18,11,0,46,IIB
OH,558.0,414.0,346.0,445,757.0,528.0,439.0,584,58,32,55,0,146,IIB
OH,417.0,370.0,301.0,330,526.0,470.0,369.0,413,18,29,51,7,115,IIB
OH,,,,345,,,,438,0,0,0,0,39,IIB
OH,399.0,334.0,298.0,331,491.0,407.0,349.0,397,17,18,24,8,67,IIB
OH,468.0,367.0,302.0,373,602.0,469.0,379.0,474,28,22,20,11,81,IIB
OH,587.0,473.0,389.0,465,717.0,586.0,490.0,576,59,56,74,14,203,IIA
OH,654.0,473.0,389.0,502,810.0,602.0,505.0,636,221,244,203,14,682,I
OH,608.0,439.0,381.0,480,777.0,552.0,475.0,608,49,36,38,8,131,IIB
OH,,330.0,283.0,280,,413.0,371.0,361,2,8,15,22,47,IIB
OH,410.0,352.0,306.0,343,515.0,441.0,383.0,432,20,18,26,4,70,IIB
OH,445.0,366.0,298.0,370,569.0,464.0,367.0,470,27,18,19,5,69,IIB
OH,446.0,365.0,290.0,353,574.0,461.0,378.0,453,19,19,28,3,69,IIB
OH,,294.0,269.0,290,,346.0,318.0,340,5,9,15,0,29,IIB
OH,588.0,454.0,385.0,507,789.0,605.0,491.0,673,121,69,43,6,239,IIB
OH,511.0,431.0,371.0,437,639.0,546.0,465.0,550,55,53,39,8,155,IIB
OH,,460.0,335.0,384,,567.0,424.0,480,3,14,19,3,39,IIB
OH,,396.0,350.0,375,,494.0,441.0,470,2,19,18,2,41,IIB
OH,508.0,424.0,337.0,410,622.0,526.0,426.0,510,6,10,9,1,26,IIB
OH,,417.0,353.0,392,,518.0,445.0,489,4,13,17,2,36,IIB
OH,632.0,486.0,393.0,512,786.0,618.0,512.0,648,248,241,192,4,687,I
OH,541.0,395.0,354.0,453,726.0,584.0,500.0,626,67,25,42,2,136,IIB
OH,459.0,372.0,329.0,363,600.0,467.0,399.0,457,22,42,56,10,130,IIB
OH,485.0,379.0,334.0,379,593.0,470.0,410.0,466,6,7,14,0,27,IIB
OH,577.0,448.0,387.0,479,718.0,567.0,497.0,603,278,253,147,39,717,I
OH,666.0,483.0,393.0,535,856.0,622.0,506.0,688,447,410,244,12,1113,I
OH,590.0,479.0,392.0,482,765.0,616.0,495.0,618,123,159,130,7,419,IIA
OH,608.0,457.0,379.0,486,750.0,572.0,481.0,607,217,152,167,20,556,I
OH,335.0,266.0,241.0,272,425.0,314.0,297.0,333,9,12,14,1,36,IIB
OH,413.0,350.0,297.0,306,476.0,410.0,361.0,363,8,10,20,24,62,IIB
OH,407.0,344.0,278.0,346,504.0,427.0,352.0,432,17,19,10,0,49,IIB
OH,407.0,357.0,303.0,335,481.0,430.0,364.0,401,10,18,32,1,61,IIB
OH,546.0,413.0,341.0,438,704.0,543.0,436.0,567,49,55,32,6,142,IIB
OH,571.0,473.0,378.0,449,712.0,586.0,467.0,557,58,75,78,19,230,IIA
OH,591.0,450.0,362.0,481,723.0,562.0,461.0,597,204,116,106,33,459,IIA
OH,703.0,491.0,415.0,555,846.0,603.0,516.0,676,758,679,443,30,1910,I
OH,616.0,474.0,376.0,478,797.0,614.0,487.0,619,258,225,219,60,763,I
OH,441.0,348.0,300.0,316,571.0,457.0,398.0,418,30,15,17,3,162,IIA
OH,642.0,468.0,385.0,465,781.0,580.0,485.0,576,126,176,132,45,493,IIA
OH,510.0,439.0,368.0,411,658.0,563.0,502.0,537,15,54,35,15,119,IIB
OK,426.0,360.0,329.0,345,531.0,452.0,415.0,434,44,35,63,34,177,IIB
OK,,,,264,,,,358,0,0,0,0,26,IIB
OK,503.0,442.0,384.0,416,606.0,536.0,469.0,505,108,57,166,58,389,IIA
OK,453.0,407.0,352.0,378,538.0,488.0,429.0,456,39,31,64,23,158,IIB
OK,459.0,375.0,313.0,342,545.0,454.0,383.0,415,12,31,34,29,108,IIB
OK,455.0,374.0,348.0,377,554.0,462.0,431.0,464,80,49,71,52,257,IIB
OK,435.0,397.0,321.0,336,522.0,479.0,390.0,407,12,11,30,24,77,IIB
OK,379.0,335.0,282.0,317,467.0,420.0,359.0,399,22,33,42,5,102,IIB
OK,432.0,372.0,317.0,385,527.0,454.0,371.0,466,39,18,15,5,77,IIB
OK,427.0,369.0,336.0,362,528.0,459.0,434.0,454,13,18,11,10,52,IIB
OK,532.0,409.0,373.0,449,655.0,509.0,460.0,555,342,247,181,11,794,I
OK,427.0,360.0,311.0,346,515.0,444.0,386.0,425,15,14,14,11,54,IIB
OK,365.0,315.0,273.0,317,438.0,381.0,327.0,381,16,10,15,1,42,IIB
OK,464.0,407.0,348.0,363,558.0,493.0,425.0,440,33,17,61,37,148,IIA
OK,464.0,429.0,382.0,393,567.0,528.0,474.0,485,56,33,65,44,198,IIA
OK,600.0,445.0,368.0,470,752.0,563.0,468.0,593,286,225,236,24,778,I
OK,686.0,500.0,404.0,513,835.0,608.0,493.0,625,84,108,73,20,287,IIA
OR,,308.0,252.0,285,,451.0,340.0,388,3,7,7,5,22,IIB
OR,401.0,329.0,307.0,349,496.0,414.0,389.0,436,13,15,7,1,36,IIB
OR,470.0,363.0,309.0,373,612.0,482.0,412.0,492,20,23,17,5,65,IIB
OR,418.0,373.0,302.0,355,531.0,468.0,371.0,444,20,27,27,3,77,IIB
OR,601.0,442.0,362.0,477,749.0,570.0,440.0,598,74,36,47,6,171,IIA
OR,481.0,377.0,319.0,397,650.0,522.0,448.0,546,47,47,31,4,129,IIB
OR,,,,292,,,,409,4,5,2,0,11,IIB
OR,439.0,354.0,315.0,361,575.0,470.0,417.0,472,60,40,33,2,155,IIA
OR,597.0,473.0,400.0,475,762.0,615.0,522.0,615,206,209,133,46,622,I
OR,500.0,441.0,391.0,438,648.0,574.0,512.0,572,38,32,32,7,109,IIB
OR,441.0,381.0,341.0,370,561.0,469.0,421.0,461,28,32,41,7,108,IIA
OR,544.0,437.0,382.0,474,693.0,564.0,498.0,609,205,113,77,16,411,I
OR,596.0,442.0,378.0,495,729.0,545.0,463.0,607,47,20,31,0,98,IIB
OR,460.0,371.0,315.0,393,598.0,491.0,417.0,517,72,49,25,12,161,IIA
OR,597.0,446.0,375.0,459,762.0,579.0,488.0,594,240,182,152,89,671,I
OR,587.0,437.0,387.0,436,716.0,542.0,470.0,536,26,57,42,2,135,IIA
OR,,279.0,216.0,269,,340.0,262.0,328,4,14,8,0,26,IIB
OR,596.0,390.0,345.0,478,758.0,524.0,466.0,621,69,43,28,4,145,IIB
PA,488.0,396.0,359.0,430,648.0,514.0,451.0,562,39,21,15,3,79,IIB
PA,576.0,414.0,332.0,415,744.0,537.0,418.0,532,36,46,54,8,144,IIB
PA,402.0,315.0,295.0,303,506.0,370.0,347.0,361,7,12,30,11,60,IIB
PA,496.0,405.0,353.0,381,652.0,532.0,462.0,500,12,20,32,2,68,IIA
PA,620.0,466.0,379.0,511,767.0,605.0,478.0,639,65,23,20,3,129,IIA
PA,658.0,497.0,415.0,528,840.0,637.0,542.0,678,84,85,73,1,243,IIA
PA,471.0,,354.0,398,597.0,,448.0,503,15,5,18,3,41,IIB
PA,829.0,566.0,499.0,678,994.0,691.0,617.0,820,256,138,125,4,523,I
PA,475.0,392.0,318.0,375,591.0,495.0,392.0,468,14,17,29,0,60,IIB
PA,492.0,397.0,323.0,394,628.0,503.0,407.0,500,13,12,16,2,43,IIB
PA,,322.0,277.0,311,,400.0,348.0,391,5,10,18,4,37,IIB
PA,493.0,425.0,346.0,377,578.0,508.0,420.0,455,9,22,48,5,84,IIB
PA,504.0,411.0,347.0,379,649.0,511.0,426.0,473,10,27,21,15,73,IIB
PA,622.0,468.0,380.0,466,797.0,601.0,478.0,593,35,47,51,7,144,IIB
PA,674.0,496.0,459.0,568,843.0,619.0,570.0,709,153,114,73,0,341,I
PA,602.0,469.0,393.0,475,753.0,597.0,497.0,601,98,97,113,28,336,IIA
PA,442.0,342.0,329.0,363,636.0,413.0,398.0,473,19,17,17,4,57,IIA
PA,552.0,456.0,371.0,448,718.0,581.0,465.0,571,30,39,26,6,105,IIB
PA,675.0,481.0,387.0,517,902.0,653.0,519.0,694,56,43,44,9,152,IIB
PA,453.0,377.0,341.0,365,586.0,489.0,434.0,469,35,54,76,17,182,IIA
PA,416.0,366.0,312.0,366,527.0,475.0,402.0,469,17,17,16,0,50,IIB
PA,627.0,475.0,400.0,485,820.0,630.0,516.0,637,38,65,28,20,151,IIB
PA,356.0,316.0,269.0,280,428.0,383.0,330.0,341,13,18,51,16,98,IIB
PA,653.0,498.0,392.0,521,876.0,702.0,551.0,716,40,19,33,3,95,IIB
PA,480.0,395.0,335.0,364,599.0,504.0,432.0,465,12,14,33,16,75,IIB
PA,451.0,406.0,310.0,385,572.0,521.0,399.0,492,10,8,8,2,28,IIB
PA,675.0,541.0,425.0,546,859.0,708.0,571.0,711,243,201,173,41,658,IIA
PA,,505.0,428.0,441,,678.0,558.0,578,5,9,24,18,59,IIA
PA,488.0,391.0,316.0,419,634.0,497.0,427.0,545,36,20,16,2,74,IIB
PA,498.0,427.0,354.0,409,641.0,548.0,444.0,520,22,28,45,0,95,IIB
PA,686.0,517.0,419.0,506,873.0,668.0,536.0,647,37,62,71,8,179,IIB
PA,585.0,482.0,426.0,470,733.0,616.0,543.0,597,30,80,95,4,209,IIA
PA,472.0,401.0,362.0,419,593.0,512.0,466.0,531,28,21,17,1,67,IIB
PA,757.0,543.0,448.0,635,955.0,700.0,568.0,805,216,118,77,4,416,I
PA,516.0,400.0,348.0,393,628.0,492.0,433.0,486,22,26,18,12,87,IIB
PA,502.0,436.0,352.0,395,656.0,575.0,442.0,507,16,26,33,11,86,IIB
PA,514.0,429.0,356.0,412,635.0,524.0,443.0,508,25,41,52,3,121,IIA
PA,444.0,390.0,312.0,339,592.0,497.0,390.0,429,15,25,46,15,101,IIB
PA,481.0,400.0,351.0,393,621.0,514.0,446.0,505,34,37,45,15,131,IIB
PA,490.0,406.0,343.0,423,624.0,516.0,430.0,537,35,29,19,3,86,IIB
PA,497.0,383.0,314.0,359,623.0,490.0,397.0,454,8,18,20,7,53,IIB
PA,589.0,432.0,359.0,449,809.0,568.0,463.0,600,36,31,37,2,115,IIB
PA,670.0,556.0,439.0,529,870.0,714.0,567.0,683,60,136,88,18,309,IIA
PA,669.0,538.0,428.0,528,856.0,710.0,580.0,696,98,109,131,10,348,IIA
PA,674.0,541.0,436.0,549,850.0,700.0,578.0,708,112,108,64,25,309,IIA
PA,692.0,554.0,379.0,550,884.0,732.0,530.0,725,35,35,21,7,98,IIA
PA,676.0,531.0,415.0,526,858.0,696.0,556.0,686,95,72,85,20,272,IIA
PA,676.0,545.0,424.0,516,870.0,714.0,570.0,679,111,86,169,26,392,IIA
PA,669.0,544.0,418.0,528,847.0,707.0,558.0,685,119,117,122,25,383,IIA
PA,676.0,544.0,417.0,508,820.0,675.0,527.0,631,46,64,61,26,197,IIB
PA,665.0,532.0,428.0,516,839.0,690.0,568.0,670,47,60,58,14,179,IIB
PA,660.0,552.0,429.0,549,842.0,723.0,576.0,716,117,97,100,6,320,IIA
PA,673.0,545.0,425.0,573,848.0,706.0,567.0,735,148,67,83,3,301,IIA
PA,675.0,532.0,431.0,537,836.0,670.0,552.0,676,127,104,138,11,380,IIA
PA,667.0,540.0,431.0,533,821.0,680.0,554.0,671,136,163,176,8,483,IIA
PA,538.0,425.0,362.0,417,693.0,571.0,452.0,538,17,28,39,1,85,IIB
PA,411.0,331.0,290.0,357,519.0,430.0,363.0,452,33,19,17,1,73,IIB
PA,575.0,454.0,406.0,438,724.0,576.0,513.0,554,11,43,42,7,103,IIB
PA,489.0,380.0,329.0,368,575.0,479.0,403.0,453,7,23,24,1,56,IIB
PA,472.0,392.0,323.0,375,573.0,481.0,403.0,463,20,14,24,8,66,IIB
PA,594.0,484.0,427.0,487,764.0,628.0,539.0,623,39,50,63,2,154,IIA
PA,436.0,399.0,317.0,363,603.0,540.0,406.0,481,14,20,20,10,64,IIB
PA,534.0,420.0,359.0,422,661.0,519.0,443.0,521,25,26,33,5,89,IIB
PA,704.0,519.0,417.0,562,868.0,651.0,526.0,699,68,44,47,2,163,IIB
PA,736.0,579.0,454.0,606,913.0,724.0,568.0,755,490,332,291,37,1150,I
PA,408.0,342.0,287.0,369,534.0,443.0,376.0,481,33,14,10,1,58,IIB
PA,881.0,622.0,532.0,744,1086.0,831.0,712.0,945,541,240,212,0,993,I
PA,736.0,516.0,421.0,547,910.0,653.0,537.0,688,427,402,373,63,1325,I
PA,489.0,418.0,340.0,373,619.0,517.0,419.0,464,8,14,25,8,55,IIB
PA,478.0,401.0,314.0,369,602.0,507.0,401.0,467,9,23,14,10,56,IIB
PA,554.0,430.0,322.0,404,704.0,538.0,401.0,507,16,63,32,17,133,IIB
PA,565.0,479.0,437.0,475,736.0,632.0,571.0,621,51,86,95,5,242,IIA
PA,528.0,419.0,354.0,434,686.0,547.0,458.0,563,32,28,29,2,91,IIB
PA,726.0,535.0,438.0,536,912.0,698.0,586.0,698,133,143,206,21,503,IIA
PA,549.0,480.0,373.0,473,689.0,608.0,494.0,602,33,29,18,7,87,IIB
PA,407.0,332.0,297.0,333,541.0,453.0,399.0,451,20,11,22,11,67,IIB
PA,497.0,410.0,337.0,423,603.0,498.0,394.0,508,47,12,24,10,93,IIB
PA,499.0,430.0,338.0,409,612.0,534.0,408.0,502,31,53,53,0,138,IIA
PA,322.0,314.0,269.0,294,402.0,366.0,315.0,350,8,9,12,3,32,IIB
PA,615.0,512.0,414.0,464,809.0,664.0,537.0,603,13,32,67,1,113,IIB
PA,486.0,415.0,342.0,365,594.0,532.0,429.0,458,6,19,33,10,68,IIB
PA,433.0,364.0,302.0,351,518.0,438.0,355.0,419,11,12,21,0,44,IIB
PA,,328.0,296.0,307,,457.0,399.0,415,5,9,27,3,44,IIB
PA,721.0,509.0,417.0,522,887.0,642.0,525.0,652,622,449,427,160,1799,I
PA,649.0,539.0,419.0,517,824.0,694.0,549.0,665,100,92,110,22,324,IIA
RI,752.0,515.0,433.0,625,956.0,659.0,554.0,797,286,100,111,0,514,I
RI,632.0,582.0,502.0,556,812.0,746.0,629.0,709,40,43,45,0,135,IIB
RI,633.0,526.0,418.0,489,827.0,712.0,544.0,646,43,68,93,15,219,IIA
RI,518.0,442.0,381.0,453,675.0,581.0,504.0,594,125,101,96,1,323,IIA
RI,558.0,427.0,351.0,444,739.0,576.0,484.0,598,35,49,34,0,118,IIB
RI,495.0,397.0,327.0,385,620.0,496.0,406.0,481,29,43,37,14,124,IIA
RI,630.0,473.0,416.0,541,813.0,622.0,548.0,703,334,187,135,3,659,I
RI,,,,464,,,,605,0,0,0,0,104,IIB
SC,429.0,356.0,299.0,327,518.0,430.0,359.0,395,12,20,29,6,72,IIB
SC,320.0,260.0,241.0,257,381.0,311.0,289.0,308,21,10,29,18,78,IIB
SC,293.0,247.0,214.0,264,366.0,311.0,261.0,329,20,7,9,0,36,IIB
SC,469.0,405.0,332.0,421,576.0,502.0,415.0,520,65,59,24,0,148,IIA
SC,602.0,441.0,375.0,466,728.0,544.0,465.0,571,296,224,191,42,801,I
SC,425.0,359.0,318.0,358,521.0,425.0,378.0,430,14,9,18,2,43,IIB
SC,475.0,410.0,320.0,374,581.0,505.0,399.0,462,68,102,118,32,320,IIA
SC,415.0,355.0,330.0,358,515.0,441.0,402.0,442,23,25,15,9,76,IIB
SC,467.0,384.0,317.0,372,582.0,495.0,402.0,473,12,31,23,3,69,IIB
SC,420.0,,297.0,355,527.0,,366.0,444,19,5,14,2,40,IIB
SC,551.0,414.0,343.0,453,719.0,530.0,430.0,583,86,39,54,6,185,IIB
SC,453.0,381.0,343.0,380,557.0,472.0,427.0,470,34,31,41,4,114,IIB
SC,277.0,282.0,250.0,264,319.0,328.0,287.0,303,7,8,11,2,28,IIB
SC,,278.0,252.0,269,,314.0,285.0,303,5,16,21,4,46,IIB
SC,351.0,290.0,243.0,287,411.0,344.0,290.0,339,11,19,11,5,46,IIB
SC,503.0,376.0,316.0,397,637.0,478.0,395.0,501,26,22,22,5,75,IIB
SC,458.0,379.0,307.0,350,561.0,467.0,382.0,432,59,58,77,36,255,IIB
SC,585.0,436.0,385.0,475,705.0,532.0,472.0,577,417,335,194,60,1034,I
SC,461.0,392.0,317.0,374,563.0,481.0,392.0,457,30,39,36,12,117,IIB
SC,437.0,377.0,314.0,340,535.0,464.0,389.0,419,23,43,49,28,143,IIB
SC,,,254.0,233,,,287.0,265,1,3,12,14,30,IIB
SC,464.0,378.0,327.0,378,578.0,474.0,413.0,474,73,78,70,19,242,IIA
SC,537.0,413.0,367.0,448,662.0,519.0,469.0,560,24,27,11,2,64,IIB
SC,433.0,368.0,303.0,366,529.0,452.0,376.0,450,49,43,16,21,132,IIB
SC,476.0,394.0,328.0,387,585.0,488.0,410.0,480,64,37,40,25,166,IIB
SD,434.0,382.0,322.0,364,576.0,519.0,429.0,487,34,22,45,7,108,IIB
SD,410.0,341.0,303.0,329,487.0,409.0,366.0,396,24,13,50,11,98,IIB
SD,,290.0,246.0,257,,356.0,302.0,317,4,11,13,7,36,IIB
SD,469.0,357.0,349.0,351,554.0,427.0,419.0,420,9,11,24,12,56,IIB
SD,417.0,333.0,297.0,337,498.0,402.0,362.0,407,27,30,35,12,104,IIA
SD,376.0,308.0,289.0,311,463.0,388.0,364.0,391,7,12,15,2,36,IIB
SD,473.0,414.0,362.0,419,562.0,495.0,435.0,500,45,28,26,5,104,IIA
SD,440.0,368.0,326.0,368,521.0,440.0,392.0,440,132,67,122,44,367,IIA
SD,480.0,364.0,340.0,362,570.0,438.0,410.0,436,88,75,134,55,352,I
TN,482.0,362.0,314.0,374,581.0,445.0,390.0,458,86,47,102,17,252,IIA
TN,484.0,372.0,315.0,382,573.0,445.0,377.0,455,42,54,45,7,148,IIA
TN,287.0,,255.0,262,345.0,,307.0,323,9,4,9,5,27,IIB
TN,393.0,334.0,286.0,324,475.0,405.0,339.0,390,32,33,41,11,117,IIB
TN,414.0,347.0,312.0,345,509.0,435.0,395.0,432,22,28,32,4,86,IIB
TN,453.0,374.0,308.0,365,561.0,473.0,374.0,451,33,22,25,17,97,IIB
TN,519.0,449.0,358.0,411,629.0,548.0,441.0,504,129,124,165,68,486,IIA
TN,383.0,369.0,269.0,319,451.0,437.0,314.0,375,17,19,17,2,65,IIB
TN,382.0,326.0,271.0,305,454.0,401.0,346.0,374,16,23,20,9,69,IIB
TN,316.0,288.0,283.0,294,405.0,380.0,363.0,379,15,9,16,2,42,IIB
TN,350.0,320.0,284.0,297,431.0,407.0,334.0,360,12,20,29,13,74,IIB
TN,429.0,351.0,289.0,338,520.0,419.0,348.0,406,12,14,19,4,49,IIB
TN,558.0,425.0,376.0,443,674.0,522.0,464.0,542,264,194,193,71,722,I
TN,542.0,418.0,336.0,410,654.0,511.0,416.0,501,202,167,224,76,669,IIA
TN,398.0,334.0,291.0,347,465.0,404.0,337.0,410,21,16,15,0,52,IIB
TN,270.0,261.0,249.0,260,348.0,331.0,322.0,334,34,32,19,5,90,IIB
TN,575.0,446.0,353.0,430,741.0,566.0,428.0,538,23,37,46,4,110,IIB
TN,477.0,418.0,330.0,407,595.0,524.0,420.0,512,111,78,71,28,288,IIA
TN,547.0,424.0,346.0,436,664.0,527.0,439.0,540,146,98,100,32,376,IIA
TN,353.0,327.0,290.0,314,426.0,396.0,340.0,373,6,7,14,0,27,IIB
TN,396.0,361.0,318.0,332,496.0,454.0,396.0,414,18,22,52,20,112,IIB
TN,494.0,420.0,365.0,428,628.0,525.0,452.0,538,113,60,79,11,263,IIA
TN,600.0,454.0,402.0,501,756.0,570.0,500.0,630,535,325,202,65,1139,I
TN,473.0,409.0,337.0,413,615.0,509.0,426.0,527,103,57,48,17,225,IIA
TN,578.0,427.0,347.0,485,759.0,571.0,447.0,636,53,20,18,6,99,IIB
TN,807.0,522.0,432.0,612,988.0,651.0,538.0,756,289,160,177,9,657,I
TN,605.0,461.0,403.0,486,757.0,576.0,502.0,607,53,60,40,11,164,I
TX,424.0,375.0,339.0,376,555.0,491.0,418.0,494,68,42,36,14,160,IIA
TX,485.0,425.0,369.0,398,618.0,549.0,484.0,517,68,27,40,45,180,IIB
TX,508.0,394.0,320.0,418,629.0,500.0,390.0,518,37,20,23,4,84,IIB
TX,377.0,318.0,325.0,329,460.0,409.0,403.0,409,19,9,17,10,55,IIB
TX,494.0,378.0,351.0,418,625.0,487.0,456.0,536,107,66,58,13,248,IIA
TX,378.0,311.0,295.0,330,457.0,380.0,357.0,400,39,11,25,9,84,IIA
TX,408.0,363.0,314.0,345,507.0,456.0,397.0,434,34,19,43,15,111,IIA
TX,482.0,382.0,334.0,361,591.0,475.0,417.0,447,82,81,91,64,343,IIA
TX,404.0,343.0,319.0,349,525.0,431.0,428.0,449,15,18,11,6,50,IIB
TX,491.0,418.0,362.0,399,613.0,528.0,463.0,505,42,45,54,20,162,IIA
TX,551.0,443.0,382.0,448,674.0,550.0,479.0,555,249,203,234,5,751,I
TX,499.0,405.0,346.0,379,577.0,469.0,399.0,437,24,25,30,21,101,IIA
TX,503.0,426.0,343.0,367,625.0,536.0,439.0,467,63,85,109,109,369,IIA
TX,809.0,548.0,481.0,663,992.0,682.0,593.0,816,224,89,91,8,422,I
TX,497.0,403.0,341.0,408,633.0,523.0,451.0,529,147,63,116,10,365,IIA
TX,354.0,300.0,257.0,282,425.0,363.0,313.0,343,12,8,8,12,40,IIB
TX,733.0,505.0,463.0,550,918.0,636.0,570.0,687,158,154,135,5,483,I
TX,495.0,410.0,328.0,385,619.0,521.0,426.0,492,209,135,204,53,662,IIA
TX,627.0,470.0,373.0,478,763.0,581.0,465.0,590,22,33,25,3,83,IIB
TX,469.0,385.0,331.0,380,552.0,454.0,392.0,448,12,45,24,2,83,IIB
TX,652.0,474.0,383.0,502,744.0,560.0,452.0,585,58,57,49,5,169,IIA
TX,473.0,379.0,338.0,380,582.0,478.0,434.0,481,138,74,114,37,391,IIA
TX,440.0,368.0,310.0,354,562.0,474.0,410.0,462,34,15,24,8,95,IIB
TX,485.0,421.0,347.0,369,616.0,542.0,455.0,481,34,58,64,73,232,IIA
TX,446.0,399.0,347.0,354,570.0,516.0,455.0,462,42,48,48,62,204,IIA
TX,654.0,477.0,423.0,511,811.0,599.0,518.0,632,107,109,99,9,336,I
TX,467.0,393.0,348.0,386,589.0,502.0,450.0,494,72,51,41,12,192,IIA
TX,458.0,370.0,313.0,365,564.0,456.0,386.0,449,20,13,20,8,61,IIB
TX,551.0,455.0,366.0,423,684.0,573.0,469.0,535,83,82,104,50,331,I
TX,610.0,429.0,363.0,468,762.0,550.0,472.0,595,270,216,220,14,742,I
TX,456.0,536.0,298.0,439,570.0,656.0,370.0,544,42,30,15,9,96,IIB
TX,499.0,401.0,342.0,396,623.0,507.0,438.0,501,93,107,101,40,353,I
TX,696.0,477.0,389.0,548,860.0,610.0,497.0,686,95,61,57,3,216,IIA
TX,474.0,432.0,364.0,395,578.0,550.0,446.0,489,23,35,25,1,108,IIA
TX,681.0,462.0,398.0,520,836.0,585.0,510.0,651,341,288,238,24,903,I
TX,581.0,438.0,395.0,455,724.0,557.0,506.0,577,185,224,137,0,608,I
TX,732.0,476.0,432.0,577,888.0,599.0,548.0,713,997,439,480,30,2099,I
TX,522.0,417.0,365.0,404,679.0,552.0,488.0,535,101,122,142,10,423,IIA
TX,433.0,278.0,252.0,311,502.0,338.0,362.0,387,18,19,15,10,62,IIB
TX,467.0,358.0,326.0,340,583.0,457.0,419.0,435,65,35,58,58,228,IIA
TX,619.0,474.0,397.0,476,791.0,610.0,504.0,607,226,131,103,7,601,I
TX,445.0,432.0,380.0,404,570.0,554.0,494.0,522,10,16,18,4,48,IIB
TX,661.0,505.0,451.0,557,810.0,634.0,571.0,692,89,58,59,1,207,I
TX,457.0,393.0,348.0,384,576.0,501.0,449.0,491,21,18,26,6,76,IIB
TX,546.0,441.0,379.0,429,685.0,562.0,489.0,548,61,120,108,6,314,IIA
TX,570.0,368.0,376.0,393,714.0,475.0,482.0,503,15,15,8,0,63,IIB
TX,645.0,460.0,394.0,505,798.0,587.0,509.0,637,652,424,305,2,1546,I
TX,475.0,396.0,334.0,400,604.0,513.0,440.0,517,49,44,45,4,142,IIA
TX,522.0,421.0,359.0,409,666.0,548.0,496.0,538,39,37,24,0,133,IIA
TX,558.0,479.0,409.0,467,696.0,605.0,520.0,590,48,65,45,4,174,IIA
TX,,321.0,279.0,302,,392.0,350.0,368,2,7,8,2,19,IIB
TX,503.0,404.0,336.0,365,628.0,507.0,429.0,463,20,53,44,1,153,IIB
TX,,389.0,319.0,355,,498.0,411.0,456,5,11,11,2,29,IIB
TX,480.0,373.0,,429,616.0,490.0,,556,20,6,2,4,32,IIB
UT,661.0,504.0,431.0,543,851.0,668.0,577.0,711,577,382,304,49,1372,I
UT,615.0,432.0,383.0,498,792.0,574.0,514.0,652,388,231,216,25,860,I
UT,518.0,403.0,364.0,420,688.0,546.0,497.0,567,199,165,158,20,583,I
UT,421.0,349.0,290.0,335,546.0,473.0,413.0,459,33,48,55,11,147,IIB
UT,483.0,388.0,341.0,389,633.0,522.0,458.0,518,160,97,124,61,459,IIB
UT,445.0,367.0,325.0,359,578.0,459.0,399.0,448,15,25,35,4,79,IIB
VA,372.0,319.0,281.0,328,454.0,395.0,342.0,400,19,15,11,3,48,IIB
VA,450.0,390.0,332.0,383,563.0,483.0,417.0,479,22,15,21,4,62,IIB
VA,679.0,499.0,382.0,525,827.0,621.0,484.0,650,185,132,123,30,470,I
VA,509.0,442.0,363.0,412,632.0,553.0,458.0,515,39,44,68,15,166,IIB
VA,387.0,335.0,286.0,325,480.0,411.0,355.0,402,26,13,15,13,69,IIB
VA,440.0,358.0,296.0,363,531.0,439.0,351.0,438,18,19,14,3,54,IIB
VA,415.0,342.0,299.0,353,508.0,417.0,362.0,431,27,21,16,5,69,IIB
VA,529.0,397.0,338.0,417,631.0,481.0,419.0,502,28,28,13,0,80,IIB
VA,494.0,377.0,323.0,359,568.0,440.0,374.0,415,45,86,134,13,297,IIA
VA,498.0,398.0,306.0,388,609.0,512.0,374.0,484,18,27,23,3,71,IIB
VA,487.0,420.0,336.0,393,611.0,529.0,431.0,497,33,50,50,17,150,IIB
VA,465.0,392.0,317.0,395,567.0,484.0,396.0,486,49,36,37,3,125,IIA
VA,521.0,447.0,366.0,441,647.0,560.0,466.0,553,187,151,131,39,508,IIA
VA,457.0,370.0,311.0,362,551.0,457.0,380.0,443,13,31,25,2,71,IIB
VA,524.0,418.0,369.0,448,616.0,493.0,434.0,528,48,30,34,0,112,IIA
VA,595.0,451.0,370.0,446,731.0,564.0,468.0,557,165,228,156,52,643,I
VA,499.0,393.0,354.0,407,613.0,488.0,443.0,505,137,119,92,43,391,IIA
VA,522.0,395.0,313.0,399,632.0,484.0,385.0,488,22,30,21,6,79,IIB
VA,495.0,411.0,337.0,409,623.0,512.0,424.0,512,17,28,18,2,65,IIB
VA,610.0,492.0,404.0,491,753.0,611.0,501.0,609,220,310,211,43,784,I
VA,494.0,408.0,338.0,412,624.0,523.0,422.0,522,27,37,28,0,92,IIB
VA,463.0,387.0,330.0,392,554.0,464.0,394.0,469,32,26,25,6,89,IIB
VA,319.0,309.0,275.0,290,399.0,368.0,341.0,357,8,9,8,8,33,IIB
VA,539.0,433.0,372.0,468,666.0,524.0,445.0,572,28,26,11,0,65,IIB
VA,711.0,550.0,418.0,565,883.0,686.0,512.0,700,80,70,72,0,222,IIA
VA,475.0,397.0,325.0,401,602.0,507.0,421.0,513,59,43,48,0,157,IIB
VA,445.0,352.0,313.0,350,552.0,442.0,397.0,440,17,14,18,4,58,IIB
VA,753.0,524.0,445.0,568,909.0,650.0,550.0,696,210,266,156,43,675,I
VA,332.0,318.0,279.0,307,392.0,373.0,333.0,363,7,15,12,0,34,IIB
VA,532.0,446.0,364.0,467,668.0,573.0,465.0,590,52,14,24,2,94,IIB
VA,655.0,467.0,404.0,519,802.0,582.0,506.0,641,598,526,270,91,1485,I
VA,453.0,416.0,375.0,398,554.0,510.0,462.0,489,55,49,59,28,191,IIA
VA,492.0,429.0,355.0,406,618.0,545.0,456.0,516,83,88,92,30,297,IIA
VA,401.0,351.0,264.0,283,459.0,404.0,302.0,324,8,15,37,8,78,IIB
VA,527.0,432.0,356.0,436,643.0,534.0,447.0,538,28,11,24,9,72,IIB
VA,685.0,487.0,397.0,592,842.0,605.0,480.0,728,84,30,24,0,138,IIB
VA,777.0,517.0,430.0,610,953.0,653.0,545.0,757,445,277,201,18,973,I
VA,401.0,341.0,279.0,327,458.0,389.0,322.0,375,44,56,51,17,168,IIA
VA,,,279.0,320,,,336.0,396,1,5,7,0,13,IIB
VT,,,,373,,,,449,0,0,0,0,46,IIB
VT,432.0,355.0,302.0,355,580.0,484.0,410.0,480,26,27,34,3,90,IIB
VT,416.0,355.0,309.0,342,518.0,448.0,390.0,430,9,11,10,5,35,IIB
VT,423.0,349.0,303.0,342,550.0,478.0,429.0,469,14,21,29,2,66,IIB
VT,433.0,366.0,293.0,366,584.0,501.0,411.0,500,18,22,17,0,57,IIB
VT,678.0,469.0,398.0,512,878.0,599.0,493.0,651,68,33,56,14,182,IIB
VT,423.0,356.0,297.0,371,545.0,468.0,394.0,484,62,51,32,1,146,IIA
VT,501.0,414.0,344.0,404,675.0,548.0,457.0,540,33,38,46,0,122,IIB
VT,364.0,340.0,299.0,325,432.0,407.0,365.0,392,6,20,11,1,40,IIB
VT,606.0,450.0,370.0,458,770.0,586.0,486.0,592,175,174,115,0,555,I
WA,483.0,355.0,292.0,401,596.0,447.0,374.0,501,172,80,72,0,340,IIA
WA,480.0,406.0,352.0,425,601.0,514.0,451.0,537,181,79,74,14,348,IIA
WA,,359.0,319.0,322,,437.0,392.0,395,4,7,9,8,28,IIB
WA,616.0,428.0,345.0,420,741.0,527.0,432.0,518,49,83,96,23,251,IIA
WA,494.0,409.0,351.0,422,617.0,513.0,434.0,527,78,88,63,0,229,IIA
WA,457.0,388.0,335.0,390,563.0,485.0,422.0,485,50,48,34,7,144,IIA
WA,565.0,476.0,408.0,458,674.0,572.0,495.0,551,53,88,69,14,237,IIA
WA,378.0,347.0,303.0,325,441.0,418.0,360.0,386,7,14,28,1,50,IIB
WA,623.0,469.0,389.0,516,788.0,599.0,495.0,655,80,44,51,0,175,IIB
WA,683.0,485.0,421.0,555,838.0,606.0,524.0,687,893,472,352,11,1906,I
WA,333.0,314.0,300.0,312,403.0,382.0,367.0,379,45,20,36,13,117,IIB
WA,597.0,447.0,393.0,470,734.0,559.0,488.0,584,337,281,279,62,965,I
WA,537.0,444.0,371.0,462,665.0,553.0,461.0,573,153,141,67,6,385,IIA
WA,568.0,451.0,372.0,476,717.0,571.0,468.0,602,37,32,23,1,93,IIB
WA,426.0,349.0,279.0,345,513.0,426.0,345.0,420,26,39,18,10,93,IIB
WA,,,,430,,,,541,0,0,0,0,154,IIB
WI,438.0,352.0,282.0,314,511.0,411.0,332.0,368,9,31,74,0,114,IIB
WI,521.0,409.0,357.0,453,660.0,512.0,428.0,565,42,15,22,1,80,IIB
WI,434.0,374.0,319.0,371,556.0,485.0,406.0,475,28,18,35,0,81,IIB
WI,416.0,391.0,340.0,348,507.0,509.0,434.0,443,10,14,35,1,74,IIB
WI,406.0,,321.0,329,489.0,,384.0,393,11,3,19,8,46,IIB
WI,570.0,425.0,364.0,462,691.0,521.0,439.0,561,42,28,31,3,104,IIB
WI,440.0,371.0,302.0,334,548.0,464.0,373.0,414,9,17,41,4,71,IIB
WI,705.0,521.0,426.0,527,884.0,662.0,525.0,662,94,238,151,0,483,I
WI,484.0,411.0,353.0,439,609.0,522.0,427.0,551,56,27,20,0,103,IIB
WI,393.0,327.0,282.0,312,493.0,393.0,327.0,371,8,19,19,6,52,IIB
WI,375.0,296.0,271.0,325,458.0,354.0,344.0,397,19,15,7,2,44,IIB
WI,491.0,380.0,320.0,409,619.0,479.0,401.0,515,28,23,17,1,69,IIB
WI,546.0,445.0,353.0,415,712.0,585.0,457.0,541,15,45,42,7,109,IIB
WI,666.0,498.0,439.0,573,831.0,628.0,566.0,721,918,287,360,30,1641,I
WI,604.0,465.0,421.0,495,761.0,598.0,544.0,632,267,306,192,2,797,I
WI,498.0,417.0,356.0,419,638.0,541.0,468.0,543,52,55,35,3,157,IIA
WI,448.0,366.0,316.0,344,553.0,441.0,395.0,423,10,23,28,10,71,IIB
WI,502.0,394.0,349.0,412,642.0,513.0,460.0,536,121,71,69,6,300,IIA
WI,489.0,410.0,372.0,428,627.0,533.0,487.0,555,167,126,112,12,417,IIA
WI,511.0,424.0,384.0,430,653.0,549.0,502.0,556,128,103,90,8,369,IIA
WI,517.0,417.0,357.0,437,661.0,542.0,470.0,565,94,57,58,0,221,IIA
WI,485.0,399.0,340.0,420,622.0,519.0,449.0,545,112,57,57,2,238,IIA
WI,516.0,423.0,353.0,437,658.0,548.0,464.0,565,138,104,84,5,344,IIA
WI,501.0,410.0,348.0,432,642.0,533.0,459.0,561,42,26,19,5,97,IIA
WI,525.0,434.0,368.0,432,670.0,562.0,483.0,559,127,103,99,5,379,IIA
WI,535.0,427.0,391.0,434,680.0,553.0,510.0,561,49,58,37,1,163,IIA
WI,541.0,435.0,374.0,439,688.0,562.0,490.0,567,104,108,130,4,356,IIA
WV,385.0,315.0,272.0,299,507.0,402.0,349.0,386,9,18,25,11,63,IIB
WV,397.0,348.0,286.0,340,501.0,485.0,358.0,433,21,6,23,0,50,IIB
WV,409.0,315.0,268.0,310,483.0,388.0,341.0,384,23,22,34,12,91,IIB
WV,400.0,342.0,284.0,325,505.0,438.0,372.0,420,29,18,35,12,94,IIB
WV,373.0,305.0,259.0,299,480.0,388.0,339.0,386,14,10,14,7,46,IIB
WV,432.0,362.0,317.0,361,526.0,446.0,394.0,445,57,44,45,27,173,IIB
WV,396.0,325.0,274.0,298,484.0,405.0,341.0,371,12,17,28,16,75,IIB
WV,477.0,390.0,309.0,390,576.0,478.0,384.0,477,144,121,102,30,397,IIA
WV,385.0,347.0,324.0,333,484.0,440.0,413.0,423,10,21,21,15,67,IIB
WV,422.0,353.0,305.0,306,509.0,429.0,368.0,369,6,11,17,16,50,IIB
WW,415.0,348.0,312.0,342,508.0,421.0,383.0,418,27,31,33,14,115,VIIB
WV,417.0,327.0,235.0,337,513.0,404.0,294.0,417,42,62,18,7,130,IIB
WV,408.0,340.0,297.0,349,502.0,419.0,369.0,431,54,43,29,11,137,IIB
WV,535.0,431.0,361.0,439,642.0,521.0,438.0,529,335,237,272,22,895,I
WV,441.0,383.0,339.0,383,572.0,494.0,434.0,495,25,22,24,3,74,IIB
WV,403.0,348.0,282.0,315,486.0,416.0,348.0,381,8,20,25,12,65,IIB
WY,539.0,410.0,374.0,445,658.0,507.0,464.0,549,241,154,164,2,591,I
